id,company,title,season,season_inferred,seasons,program,remote,category,location,region,sponsorship,h1b_approvals,salary,skills,posted_at,posted_at_source,first_seen_at,url
greenhouse:pinterest:8244922,Pinterest,Machine Learning Intern 2027 (Dublin),Summer 2027,False,,Internship,,Data & ML/AI,"Dublin, IE",IEC countries,unknown,343,,Python; Java; C++; PyTorch; TensorFlow; Computer Vision; Hadoop,2026-10-05T13:31:33-04:00,exact,2026-10-05T22:47:59Z,https://www.pinterestcareers.com/jobs/?gh_jid=8244922
greenhouse:wehrtyou:8257369,Hudson River Trading,Data Scientist Intern - 2027,Summer 2027,False,,Internship,,Data & ML/AI,"London, United Kingdom; New York, NY, United States",IEC countries,unknown,29,,Python; Pandas,2026-10-05T17:26:10-04:00,exact,2026-10-05T22:47:59Z,https://www.hudsonrivertrading.com/careers/job/?gh_jid=8257369
smartrecruiters:BoschGroup:744000153500999,Bosch,Internship Agentic AI for Automated Code Generation in Safety-Critical Embedded Software,Not stated,True,,Internship,,Data & ML/AI,"Schwieberdingen, BW, Germany",IEC countries,unknown,188,,Python; C++; LLMs; Linux; Git,2026-10-05T13:09:41.563Z,exact,2026-10-05T16:13:23Z,https://jobs.smartrecruiters.com/BoschGroup/744000153500999
smartrecruiters:BoschGroup:744000153516331,Bosch,Mandatory Internship Automotive Networking Innovation and Software-Defined Vehicle Technologies,Not stated,True,,Internship,,Software,"Stuttgart, BW, Germany (Hybrid)",IEC countries,unknown,188,,Python; C++; Linux,2026-10-05T13:56:02.176Z,exact,2026-10-05T16:13:23Z,https://jobs.smartrecruiters.com/BoschGroup/744000153516331
smartrecruiters:NBCUniversal3:744000153464839,NBCUniversal,Media Product Intern,Summer 2027,False,,Internship,,PM,"London, , United Kingdom (Hybrid)",IEC countries,unknown,,,,2026-10-05T10:43:45.086Z,exact,2026-10-05T16:13:23Z,https://jobs.smartrecruiters.com/NBCUniversal3/744000153464839
smartrecruiters:NBCUniversal3:744000153466369,NBCUniversal,Product Intern (Hayu),Summer 2027,False,,Internship,,PM,"London, , United Kingdom (Hybrid)",IEC countries,unknown,,,,2026-10-05T10:50:58.184Z,exact,2026-10-05T16:13:23Z,https://jobs.smartrecruiters.com/NBCUniversal3/744000153466369
smartrecruiters:Sia:744000153414899,Sia Partners,Final year internship - Data Scientist & AI Consultant,Not stated,True,,Internship,,Data & ML/AI,"Paris, IDF, International (FR)",IEC countries,unknown,,,Python; PyTorch; TensorFlow; LLMs; Computer Vision; Flask; AWS; GCP,2026-10-05T07:06:54.058Z,exact,2026-10-05T16:13:23Z,https://jobs.smartrecruiters.com/Sia/744000153414899
workable:arondite:D3211449EF,Arondite,Software Engineer - Summer 2027 Intern,Summer 2027,False,,Internship,,Software,"London, England, United Kingdom (Hybrid)",IEC countries,unknown,,,Python; Java; C++; Rust; Git,2026-10-05T00:00:00.000Z,date_only,2026-10-05T16:13:23Z,https://apply.workable.com/arondite/j/D3211449EF/
workday:ag:/job/Madrid-Area/Flight-Software-Engineer-Intern--Space-Systems-Airbus-Crisa_JR10446862,Airbus,"Flight Software Engineer Intern, Space Systems Airbus Crisa",Not stated,True,,Internship,,Software,Madrid Area,IEC countries,unknown,,,Python; Git; Verilog,2026-10-05T00:00:00Z,date_only,2026-10-05T16:13:23Z,https://ag.wd3.myworkdayjobs.com/Airbus/job/Madrid-Area/Flight-Software-Engineer-Intern--Space-Systems-Airbus-Crisa_JR10446862
workday:capitalone:/job/Toronto-ON/Intern--Data-Scientist---Summer-2027_R1002165-1,Capital One,"Intern, Data Scientist - Summer 2027",Summer 2027,False,,Internship,,Data & ML/AI,"Toronto, ON",Canada,unknown,,$33.33/hr,Python; SQL; AWS; Linux; Git; dbt; Snowflake,2026-10-05T00:00:00Z,date_only,2026-10-05T16:13:23Z,https://capitalone.wd12.myworkdayjobs.com/Capital_One/job/Toronto-ON/Intern--Data-Scientist---Summer-2027_R1002165-1
workday:nasdaq:/job/Sweden---Skolgatan---Ume/Co-op-Student-Worker_R0027078,Nasdaq,Computer Science Co-Op Student Worker,Not stated,True,,Co-op,,Software,Sweden - Skolgatan - Umeå,IEC countries,unknown,16,,,2026-10-05T00:00:00Z,date_only,2026-10-05T16:13:23Z,https://nasdaq.wd1.myworkdayjobs.com/Global_External_Site/job/Sweden---Skolgatan---Ume/Co-op-Student-Worker_R0027078
workday:nvidia:/job/Taiwan-Taipei/Software-Engineer---DFT-CAD-Tools--RDSS-Intern-_JR2026878-1,NVIDIA,Software Engineer – DFT CAD Tools (RDSS Intern),Not stated,True,,Internship,,Software,"Taiwan, Taipei",IEC countries,unknown,1526,,Python; C++; Verilog,2026-10-05T00:00:00Z,date_only,2026-10-05T16:13:23Z,https://nvidia.wd5.myworkdayjobs.com/NVIDIAExternalCareerSite/job/Taiwan-Taipei/Software-Engineer---DFT-CAD-Tools--RDSS-Intern-_JR2026878-1
workday:nvidia:/job/Taiwan-Taipei/System-Software-Engineer---Embedded-and-Automotive--RDSS-Intern-_JR2026965,NVIDIA,System Software Engineer - Embedded and Automotive (RDSS Intern),Not stated,True,,Internship,,Software,"Taiwan, Taipei",IEC countries,unknown,1526,,LLMs; Computer Vision; CUDA; Linux,2026-10-05T00:00:00Z,date_only,2026-10-05T16:13:23Z,https://nvidia.wd5.myworkdayjobs.com/NVIDIAExternalCareerSite/job/Taiwan-Taipei/System-Software-Engineer---Embedded-and-Automotive--RDSS-Intern-_JR2026965
workday:semtech:/job/CAN---Richmond-BC/AI-Workflow---Operations-Intern_REQ3640,Semtech,AI Workflow & Operations Intern,Not stated,True,,Internship,,Data & ML/AI,"CAN - Richmond, BC",Canada,unknown,9,,Python; SQL; LLMs; Tableau,2026-10-05T00:00:00Z,date_only,2026-10-05T22:47:59Z,https://semtech.wd1.myworkdayjobs.com/SemtechCareers/job/CAN---Richmond-BC/AI-Workflow---Operations-Intern_REQ3640
workday:semtech:/job/CAN---Richmond-BC/Software-Developer---Web-Cloud-Application--Co-op_REQ3644,Semtech,"Software Developer – Web/Cloud Application, Co-op",Not stated,True,,Co-op,,Software,"CAN - Richmond, BC",Canada,unknown,9,,Java; JavaScript; AWS; Docker; Linux,2026-10-05T00:00:00Z,date_only,2026-10-05T22:47:59Z,https://semtech.wd1.myworkdayjobs.com/SemtechCareers/job/CAN---Richmond-BC/Software-Developer---Web-Cloud-Application--Co-op_REQ3644
workday:wgl:/job/Calgary-AB/AltaGas---2027-Digital--NextGen-AI---Data--Intern_R7312,AltaGas,AltaGas - 2027 Digital (NextGen AI & Data) Intern,Summer 2027,False,,Internship,,Data & ML/AI,"Calgary, AB",Canada,unknown,,,Python; SQL; Azure; Git,2026-10-05T00:00:00Z,date_only,2026-10-06T02:42:42Z,https://wgl.wd5.myworkdayjobs.com/altagas/job/Calgary-AB/AltaGas---2027-Digital--NextGen-AI---Data--Intern_R7312
ashby:solink:8493613d-ea47-4182-ac0b-f5f24d11f49e,Solink,"Software Engineer Co-op, Agents",Not stated,True,,Co-op,,Software,Canada,Canada,unknown,,CA$55K – CA$68K,TypeScript; React; Node.js; AWS; GCP; Git,2026-10-02T18:55:40.736+00:00,exact,2026-10-02T22:21:11Z,https://jobs.ashbyhq.com/solink/8493613d-ea47-4182-ac0b-f5f24d11f49e
greenhouse:databricks:8847738002,Databricks,Software Engineering Intern (2027 Start) - London,Summer 2027,False,,Internship,,Software,"London, United Kingdom",IEC countries,unknown,308,,Python; Java; C++; Databricks,2026-10-02T10:39:23-04:00,exact,2026-10-02T18:20:52Z,https://databricks.com/company/careers/open-positions/job?gh_jid=8847738002
smartrecruiters:PAConsulting:744000153140420,PA Consulting,AI to accelerate realisation of the intelligent enterprise - internship,Not stated,True,,Internship,,Data & ML/AI,"Utrecht, International (NL)",Canada,unknown,,,,2026-10-02T09:49:22.646Z,exact,2026-10-02T12:41:50Z,https://jobs.smartrecruiters.com/PAConsulting/744000153140420
smartrecruiters:TTP1:744000153148930,TTP,Summer Internship - Cyber / AI Consultant - 2027,Summer 2027,False,,Internship,,Data & ML/AI,"Melbourn, England, United Kingdom",IEC countries,unknown,,,,2026-10-02T10:35:05.220Z,exact,2026-10-02T12:41:50Z,https://jobs.smartrecruiters.com/TTP1/744000153148930
workable:mila-2:1E81635604,Montreal Institute for Learning Algorithms,Stagiaire de recherche - Sécurité de l'IA / Research Intern - AI Safety,Not stated,True,,Internship,,Data & ML/AI,"Montreal, Quebec, Canada (Hybrid)",Canada,unknown,,,Python,2026-10-02T00:00:00.000Z,date_only,2026-10-02T22:21:11Z,https://apply.workable.com/mila-2/j/1E81635604/
workday:altera:/job/Toronto-Ontario-Canada/Software-Engineer---Intern_R03193,Altera Corporation,Software Engineer - Intern,Not stated,True,,Internship,,Software,"Toronto, Ontario, Canada",Canada,unknown,,,Python; C++; Verilog,2026-10-02T00:00:00Z,date_only,2026-10-02T18:20:52Z,https://altera.wd1.myworkdayjobs.com/altera/job/Toronto-Ontario-Canada/Software-Engineer---Intern_R03193
workday:aptiv:/job/Krakow-Poland/Intern-Interior-Sensing-AI-ML_J000704695,Aptiv,Intern Interior Sensing AI/ML,Not stated,True,,Internship,,Data & ML/AI,"Krakow, Poland",IEC countries,unknown,251,,Python; SQL,2026-10-02T00:00:00Z,date_only,2026-10-02T18:20:52Z,https://aptiv.wd5.myworkdayjobs.com/aptiv_careers/job/Krakow-Poland/Intern-Interior-Sensing-AI-ML_J000704695
workday:cmegroup:/job/Belfast---Millennium-House/AI-Analyst---Placement-year-internship_34865,CME Group,AI Analyst - Placement year internship,Not stated,True,,Internship,,Data & ML/AI,Belfast - Millennium House,IEC countries,no-sponsorship,,,Python; SQL; LLMs,2026-10-02T00:00:00Z,date_only,2026-10-02T18:20:52Z,https://cmegroup.wd1.myworkdayjobs.com/cme_careers/job/Belfast---Millennium-House/AI-Analyst---Placement-year-internship_34865
workday:marvell:/job/Toronto-Canada/Firmware-Engineer-Intern---BS-MS---2027-Co-Op_2604959,Marvell,Firmware Engineer Intern - BS/MS - 2027 Co-Op,Summer 2027,False,,Internship / Co-op,,Hardware,"Toronto, Canada",Canada,unknown,,,Python; C++; LLMs,2026-10-02T00:00:00Z,date_only,2026-10-02T18:20:52Z,https://marvell.wd1.myworkdayjobs.com/MarvellCareers/job/Toronto-Canada/Firmware-Engineer-Intern---BS-MS---2027-Co-Op_2604959
workday:pwc:/job/Milan/Software-Engineer-Intern---Milano--DIG-_765582WD,PricewaterhouseCoopers (PwC),Software Engineer Intern - Milano [DIG],Not stated,True,,Internship,,Software,Milan,IEC countries,unknown,,,Python; Java; C++; C#; TypeScript; SQL; LLMs; Node.js,2026-10-02T00:00:00Z,date_only,2026-10-02T12:41:50Z,https://pwc.wd3.myworkdayjobs.com/Global_Campus_Careers/job/Milan/Software-Engineer-Intern---Milano--DIG-_765582WD
workday:roche:/job/Basel/Data-Science-Intern---Master-Thesis-Student--Basel--6-Monate-_202609-124516,Roche,"Data Science Intern / Master Thesis Student (Basel, 6 Monate)",Not stated,True,,Internship,,Data & ML/AI,Basel,IEC countries,unknown,,,Python; LLMs,2026-10-02T00:00:00Z,date_only,2026-10-02T12:41:50Z,https://roche.wd3.myworkdayjobs.com/roche-ext/job/Basel/Data-Science-Intern---Master-Thesis-Student--Basel--6-Monate-_202609-124516
ashby:exegy:1dfd3209-2714-4ccd-8fb9-779765151897,Exegy,Software Automation Developer Intern,Not stated,True,,Internship,,Software,Montreal,Canada,unknown,2,,Python; C++; Linux; Git,2026-10-01T18:09:43.196+00:00,exact,2026-10-01T20:46:12Z,https://jobs.ashbyhq.com/exegy/1dfd3209-2714-4ccd-8fb9-779765151897
greenhouse:pinterest:8138034,Pinterest,Software Engineering Intern 2027 (Dublin),Summer 2027,False,,Internship,,Software,"Dublin, IE",IEC countries,unknown,343,,Python; Java; C++; TypeScript; JavaScript; React; Git,2026-10-01T13:03:29-04:00,exact,2026-10-01T20:46:12Z,https://www.pinterestcareers.com/jobs/?gh_jid=8138034
greenhouse:pinterest:8138039,Pinterest,Software Engineering Intern 2027 (Toronto),Summer 2027,False,,Internship,,Software,"Toronto, ON, CA",Canada,unknown,343,,Python; Java; C++; TypeScript; JavaScript; React; Git,2026-10-01T13:03:18-04:00,exact,2026-10-01T20:46:12Z,https://www.pinterestcareers.com/jobs/?gh_jid=8138039
greenhouse:pinterest:8138080,Pinterest,Machine Learning Intern 2027 (Toronto),Summer 2027,False,,Internship,,Data & ML/AI,"Toronto, ON, CA",Canada,unknown,343,,Python; Java; C++; PyTorch; TensorFlow; Computer Vision; Hadoop,2026-10-01T13:03:07-04:00,exact,2026-10-01T20:46:12Z,https://www.pinterestcareers.com/jobs/?gh_jid=8138080
greenhouse:pinterest:8214745,Pinterest,Software Engineering Intern 2027 (Zurich),Summer 2027,False,,Internship,,Software,"Zurich, CH",IEC countries,unknown,343,,Python; Java; C++; TypeScript; JavaScript; React; Git,2026-10-01T13:02:55-04:00,exact,2026-10-01T20:46:12Z,https://www.pinterestcareers.com/jobs/?gh_jid=8214745
greenhouse:pinterest:8214757,Pinterest,Machine Learning Intern 2027 (Zurich),Summer 2027,False,,Internship,,Data & ML/AI,"Zurich, CH",IEC countries,unknown,343,,Python; Java; C++; PyTorch; TensorFlow; Computer Vision; Hadoop,2026-10-01T13:02:46-04:00,exact,2026-10-01T20:46:12Z,https://www.pinterestcareers.com/jobs/?gh_jid=8214757
greenhouse:stripe:8194287,Stripe,"Data Analyst, Intern",Not stated,True,,Internship,,Data & ML/AI,Toronto,Canada,unknown,441,,SQL,2026-10-01T11:05:36-04:00,exact,2026-10-01T15:42:50Z,https://stripe.com/jobs/search?gh_jid=8194287
smartrecruiters:Sia:744000152894409,Sia Partners,Final Year Internship Consultant - Cybersecurity,Not stated,True,,Internship,,Security,"Paris, IDF, International (FR)",IEC countries,unknown,,,,2026-10-01T10:08:39.355Z,exact,2026-10-01T15:42:50Z,https://jobs.smartrecruiters.com/Sia/744000152894409
workday:airliquidehr:/job/Spain-MADRID/Data-Analyst-Internship--M-F-_R10101926,Air Liquide,Data Analyst Internship (M/F),Not stated,True,,Internship,,Data & ML/AI,"Spain, MADRID",IEC countries,unknown,,,,2026-10-01T00:00:00Z,date_only,2026-10-01T15:42:50Z,https://airliquidehr.wd3.myworkdayjobs.com/AirLiquideExternalCareer/job/Spain-MADRID/Data-Analyst-Internship--M-F-_R10101926
workday:autodesk:/job/Toronto-ON-CAN/Intern--AI-ML-Platform--Winter-_26WD101061,Autodesk,"Intern, AI/ML Platform (Winter)",Not stated,True,,Internship,,Data & ML/AI,"Toronto, ON, CAN",Canada,unknown,343,,Python; PyTorch; TensorFlow; LLMs; AWS; GCP; Azure; Kubernetes,2026-10-01T00:00:00Z,date_only,2026-10-01T20:46:12Z,https://autodesk.wd1.myworkdayjobs.com/Ext/job/Toronto-ON-CAN/Intern--AI-ML-Platform--Winter-_26WD101061-1
workday:autodesk:/job/Toronto-ON-CAN/Software-Development-Internship--Summer-2027-_26WD101436,Autodesk,Software Development Internship (Summer 2027),Summer 2027,False,,Internship,,Software,"Toronto, ON, CAN",Canada,unknown,343,,Python; Java; C++; C#; TypeScript; JavaScript; SQL; LLMs,2026-10-01T00:00:00Z,date_only,2026-10-01T20:46:12Z,https://autodesk.wd1.myworkdayjobs.com/Ext/job/Toronto-ON-CAN/Software-Development-Internship--Summer-2027-_26WD101436-1
workday:hpe:/job/Heredia-Heredia-Costa-Rica/Embedded-Software-Engineer-Internship_1214117,Hewlett Packard Enterprise,Embedded Software Engineer Internship,Not stated,True,,Internship,,Software,"Heredia, Heredia, Costa Rica",IEC countries,unknown,499,,Python; C++; LLMs; Linux; Git,2026-10-01T00:00:00Z,date_only,2026-10-01T15:42:50Z,https://hpe.wd5.myworkdayjobs.com/Jobsathpe/job/Heredia-Heredia-Costa-Rica/Embedded-Software-Engineer-Internship_1214117
workday:motorolasolutions:/job/Krakow-Poland/Intern-Software-Developer--C---_R69047,Motorola,Intern Software Developer (C++),Not stated,True,,Internship,,Software,"Krakow, Poland",IEC countries,unknown,,,C++; TypeScript; JavaScript; Angular; HTML/CSS,2026-10-01T00:00:00Z,date_only,2026-10-01T15:42:50Z,https://motorolasolutions.wd5.myworkdayjobs.com/Careers/job/Krakow-Poland/Intern-Software-Developer--C---_R69047
greenhouse:capstoneinvestmentadvisors:8859054002,Capstone Investment Advisors,Summer 2027 - Quant Internship,Summer 2027,False,,Internship,,Quant,London,IEC countries,unknown,9,,,2026-09-30T15:41:10-04:00,exact,2026-10-01T20:46:12Z,https://job-boards.greenhouse.io/capstoneinvestmentadvisors/jobs/8859054002
oracle:egug.fa.us2.oraclecloud.com:26014784,American Express,Campus - Internship Programme - Undergraduate - ECMX Product Analyst - 2027 (UK - London),Summer 2027,False,,Internship,,PM,"LONDON, United Kingdom",IEC countries,unknown,133,,HTML/CSS,2026-09-30,date_only,2026-09-30T18:43:56Z,https://egug.fa.us2.oraclecloud.com/hcmUI/CandidateExperience/en/sites/CX_1/job/26014784
smartrecruiters:BoschGroup:744000152667529,Bosch,Paid Internship in AI Application Team (f/m),Not stated,True,,Internship,,Data & ML/AI,"Warszawa, Województwo mazowieckie, International (PL) (Hybrid)",IEC countries,unknown,188,,Python; JavaScript; SQL; LLMs; React; HTML/CSS; Azure; Git,2026-09-30T12:02:52.141Z,exact,2026-09-30T13:19:19Z,https://jobs.smartrecruiters.com/BoschGroup/744000152667529
workday:foresters:/job/Toronto-Ontario/Software-Engineer-Co-op-Student--AI---4-month-contract-_R-2332,Foresters Financial,Software Engineer Co-op Student (AI) (4-month contract),Not stated,True,,Co-op,,Data & ML/AI,"Toronto, Ontario",Canada,unknown,,,Python; Java; C#; PyTorch; TensorFlow; scikit-learn; LLMs; Azure,2026-09-30T00:00:00Z,date_only,2026-09-30T18:43:56Z,https://foresters.wd3.myworkdayjobs.com/ForestersFinancialCareers/job/Toronto-Ontario/Software-Engineer-Co-op-Student--AI---4-month-contract-_R-2332
workday:intel:/job/Costa-Rica-San-Jose/AI-Software-Engineering-Undergraduate-Intern_JR0287583,Intel,AI Software Engineering Undergraduate Intern,Not stated,True,,Internship,,Data & ML/AI,"Costa Rica, San Jose",IEC countries,unknown,4758,,Python; SQL; Bash; LLMs; Azure; Git; Databricks; Snowflake,2026-09-30T00:00:00Z,date_only,2026-10-01T01:43:35Z,https://intel.wd1.myworkdayjobs.com/external/job/Costa-Rica-San-Jose/AI-Software-Engineering-Undergraduate-Intern_JR0287583
workday:pwc:/job/Prague/Data-Analyst-Intern---Technology-Consulting_765323WD,PricewaterhouseCoopers (PwC),Data Analyst Intern - Technology Consulting,Not stated,True,,Internship,,Data & ML/AI,Prague,IEC countries,unknown,,,Python; SQL; AWS; GCP; Azure; Spark; Databricks; Snowflake,2026-09-30T00:00:00Z,date_only,2026-09-30T18:43:56Z,https://pwc.wd3.myworkdayjobs.com/Global_Campus_Careers/job/Prague/Data-Analyst-Intern---Technology-Consulting_765323WD
workday:td:/job/Dublin-Ireland/XMLNAME-2027-Technology-Internship---AI-Native-Data-Platform-Engineering---6-month-Internship--January---July-_R_1513790-1,TD Bank,2027 Technology Internship - AI-Native Data Platform Engineering - 6-month Internship (January – July),Summer 2027,False,,Internship,,Data & ML/AI,"Dublin, Ireland",IEC countries,unknown,,,Python; Java; C#; JavaScript; SQL; LLMs; Spring; AWS,2026-09-30T00:00:00Z,date_only,2026-09-30T13:19:19Z,https://td.wd3.myworkdayjobs.com/TD_Bank_Careers/job/Dublin-Ireland/XMLNAME-2027-Technology-Internship---AI-Native-Data-Platform-Engineering---6-month-Internship--January---July-_R_1513790-1
workday:td:/job/Dublin-Ireland/XMLNAME-2027-Technology-Internship---Valuation-Services-Software-Engineer---6-month-Internship--January---July-_R_1513793,TD Bank,2027 Technology Internship - Valuation Services Software Engineer - 6-month Internship (January – July),Summer 2027,False,,Internship,,Software,"Dublin, Ireland",IEC countries,unknown,,,Python; SQL; Pandas; HTML/CSS; Flask; Azure; Git; Redis,2026-09-30T00:00:00Z,date_only,2026-09-30T13:19:19Z,https://td.wd3.myworkdayjobs.com/TD_Bank_Careers/job/Dublin-Ireland/XMLNAME-2027-Technology-Internship---Valuation-Services-Software-Engineer---6-month-Internship--January---July-_R_1513793
smartrecruiters:AECOM2:744000152519710,AECOM,Engineering Intern – Tunnelling & Underground Infrastructure,Not stated,True,,Internship,,Software,"Markham, ON, Canada (Hybrid)",Canada,no-sponsorship,,,,2026-09-29T19:01:33.065Z,exact,2026-09-29T21:41:30Z,https://jobs.smartrecruiters.com/AECOM2/744000152519710
workday:astrazeneca:/job/Canada---Mississauga/Co-Op--Development-Operations-AI---Automation-Enablement-Intern_R-260415,Alexion,"Co-Op, Development Operations AI & Automation Enablement Intern",Not stated,True,,Internship / Co-op,,Data & ML/AI,Canada - Mississauga,Canada,unknown,,,Python; C#; JavaScript; SQL; LLMs; Azure; Git; Tableau,2026-09-29T00:00:00Z,date_only,2026-09-29T21:41:30Z,https://astrazeneca.wd3.myworkdayjobs.com/alexion/job/Canada---Mississauga/Co-Op--Development-Operations-AI---Automation-Enablement-Intern_R-260415
workday:foresters:/job/Toronto/Software-Engineer-Co-op-Student--4-months-contract-_R-2329,Foresters Financial,Software Engineer Co-op Student (4-months contract),Not stated,True,,Co-op,,Software,Toronto,Canada,unknown,,$21–$30/hr,Python; Java; PyTorch; TensorFlow; scikit-learn; Azure,2026-09-29T00:00:00Z,date_only,2026-09-29T17:19:37Z,https://foresters.wd3.myworkdayjobs.com/ForestersFinancialCareers/job/Toronto/Software-Engineer-Co-op-Student--4-months-contract-_R-2329
workday:nvidia:/job/Taiwan-Taipei/AI-Computing-Software-Development-Intern---2027_JR2026298,NVIDIA,AI Computing Software Development Intern - 2027,Summer 2027,False,,Internship,,Data & ML/AI,"Taiwan, Taipei",IEC countries,unknown,1526,,Python; C++; PyTorch; LLMs; CUDA,2026-09-29T00:00:00Z,date_only,2026-09-29T11:52:20Z,https://nvidia.wd5.myworkdayjobs.com/NVIDIAExternalCareerSite/job/Taiwan-Taipei/AI-Computing-Software-Development-Intern---2027_JR2026298
workday:stryker:/job/Belfast-United-Kingdom/Software-Engineering-Co-Op_R572094,Stryker,Software Engineering Co-Op,Not stated,True,,Co-op,,Software,"Belfast, United Kingdom",IEC countries,unknown,104,,Java; C++; C#,2026-09-29T00:00:00Z,date_only,2026-09-29T11:52:20Z,https://stryker.wd1.myworkdayjobs.com/StrykerCareers/job/Belfast-United-Kingdom/Software-Engineering-Co-Op_R572094
greenhouse:celonis:7989895003,Celonis,Intern Applied AI Engineering / Strategic Consulting (CoE Tiger Team),Not stated,True,,Internship,,Data & ML/AI,"Madrid, Spain",IEC countries,unknown,14,,Python; LLMs,2026-09-28T10:57:48-04:00,exact,2026-09-28T19:55:15Z,https://job-boards.greenhouse.io/celonis/jobs/7989895003?gh_jid=7989895003
greenhouse:monzo:8156261,Monzo,Associate Software Engineer - Intern,Summer 2027,False,,Internship,,Software,London,IEC countries,unknown,,,Swift; Kotlin; React; AWS; GCP; Kubernetes; Docker; Kafka,2026-09-28T03:25:03-04:00,exact,2026-09-28T12:17:29Z,https://job-boards.greenhouse.io/monzo/jobs/8156261
greenhouse:monzo:8232726,Monzo,Associate Data Scientist - Intern,Not stated,True,,Internship,,Data & ML/AI,London,IEC countries,unknown,,,Python; SQL,2026-09-28T05:03:57-04:00,exact,2026-09-28T12:17:29Z,https://job-boards.greenhouse.io/monzo/jobs/8232726
smartrecruiters:AccorCorpo:744000152200369,Accor,Data Analyst – Group Procurement — Internship F/M/X,Not stated,True,,Internship,yes,Data & ML/AI,"Issy-les-Moulineaux, IDF, International (FR) (Remote)",IEC countries,unknown,,,SQL; Snowflake,2026-09-28T14:44:27.490Z,exact,2026-09-28T19:55:15Z,https://jobs.smartrecruiters.com/AccorCorpo/744000152200369
smartrecruiters:BoschGroup:744000152107800,Bosch,Extracurricular Internship: C# Developer (f/m/div.),Not stated,True,,Internship,,Software,"Ovar, International (PT) (Hybrid)",IEC countries,unknown,188,,C#,2026-09-28T08:46:06.155Z,exact,2026-09-28T12:17:29Z,https://jobs.smartrecruiters.com/BoschGroup/744000152107800
smartrecruiters:Sia:744000152115350,Sia Partners,Final year internship - DevOps / Platform Engineer,Not stated,True,,Internship,,Software,"Paris, IDF, International (FR)",IEC countries,unknown,,,Python; AWS; GCP; Azure; Kubernetes; Docker; Terraform,2026-09-28T09:03:59.120Z,exact,2026-09-28T12:17:29Z,https://jobs.smartrecruiters.com/Sia/744000152115350
workday:fticonsulting:/job/Paris-France/Intern--Consultant-Cyber-Threat-Intelligence--CTI----Investigation-numrique--DFIR-_JR261446,FTI Consulting,"Intern, Consultant Cyber Threat Intelligence (CTI) & Investigation numérique (DFIR)",Not stated,True,,Internship,,Security,"Paris, France",IEC countries,unknown,4,,Python; Bash; LLMs; Docker; Linux; MongoDB,2026-09-28T00:00:00Z,date_only,2026-09-28T19:55:15Z,https://fticonsulting.wd108.myworkdayjobs.com/FTIConsultingCareers/job/Paris-France/Intern--Consultant-Cyber-Threat-Intelligence--CTI----Investigation-numrique--DFIR-_JR261446
workday:ing:/job/MILAN/Machine-Learning-Engineer-Intern_REQ-10122304,ING,Machine Learning Engineer Intern,Not stated,True,,Internship,,Data & ML/AI,MILAN,IEC countries,unknown,,,Python; scikit-learn; Azure; Git,2026-09-28T00:00:00Z,date_only,2026-09-28T19:55:15Z,https://ing.wd3.myworkdayjobs.com/icsgblcor/job/MILAN/Machine-Learning-Engineer-Intern_REQ-10122304
workday:lonza:/job/CH---Visp/Internship-Global-Master-Data-Analyst-80-100-_R79749-1,Lonza,Internship Global Master Data Analyst 80-100%,Not stated,True,,Internship,,Data & ML/AI,CH - Visp,IEC countries,unknown,,,,2026-09-28T00:00:00Z,date_only,2026-09-28T12:17:29Z,https://lonza.wd3.myworkdayjobs.com/lonza_careers/job/CH---Visp/Internship-Global-Master-Data-Analyst-80-100-_R79749-1
workday:mastercard:/job/Lisbon-Portugal/Product-Management-Intern--Summer-2027---Lisbon--Portugal_R-287709-1,Mastercard,"Product Management Intern, Summer 2027 - Lisbon, Portugal",Summer 2027,False,,Internship,,PM,"Lisbon, Portugal",IEC countries,unknown,,,,2026-09-28T00:00:00Z,date_only,2026-09-28T00:13:14Z,https://mastercard.wd1.myworkdayjobs.com/Campus/job/Lisbon-Portugal/Product-Management-Intern--Summer-2027---Lisbon--Portugal_R-287709-1
workday:mastercard:/job/Rome-Italy/Product-Management-Intern--Summer-2027---Rome--Italy_R-287722-1,Mastercard,"Product Management Intern, Summer 2027 - Rome, Italy",Summer 2027,False,,Internship,,PM,"Rome, Italy",IEC countries,unknown,,,,2026-09-28T00:00:00Z,date_only,2026-09-28T00:13:14Z,https://mastercard.wd1.myworkdayjobs.com/Campus/job/Rome-Italy/Product-Management-Intern--Summer-2027---Rome--Italy_R-287722
workday:motorolasolutions:/job/Krakow-Poland/Intern-Software-Developer--C---_R69046,Motorola,Intern Software Developer (C++),Not stated,True,,Internship,,Software,"Krakow, Poland",IEC countries,unknown,,,C++; TypeScript; JavaScript; Angular; HTML/CSS,2026-09-28T00:00:00Z,date_only,2026-09-28T12:17:29Z,https://motorolasolutions.wd5.myworkdayjobs.com/Careers/job/Krakow-Poland/Intern-Software-Developer--C---_R69046
workday:philips:/job/Taipei/Intern-Data-Scientist_592526,Philips,Intern Data Scientist,Not stated,True,,Internship,,Data & ML/AI,Taipei,IEC countries,unknown,,,Python; Java; C++; LLMs,2026-09-28T00:00:00Z,date_only,2026-09-28T12:17:29Z,https://philips.wd3.myworkdayjobs.com/jobs-and-careers/job/Taipei/Intern-Data-Scientist_592526
oracle:eofe.fa.us2.oraclecloud.com:82537,BNY,2027 BNY Summer Internship Program - Product Management (Luxembourg),Summer 2027,False,,Internship,,PM,Luxembourg,IEC countries,unknown,,,,2026-09-25,date_only,2026-09-25T12:03:59Z,https://eofe.fa.us2.oraclecloud.com/hcmUI/CandidateExperience/en/sites/CX_1001/job/82537
smartrecruiters:BoschGroup:744000151841184,Bosch,"IT Internship (BackEnd, Java) (f/m)",Not stated,True,,Internship,,Software,"Warszawa, Województwo mazowieckie, International (PL) (Hybrid)",IEC countries,unknown,188,,Java; Git,2026-09-25T12:44:26.753Z,exact,2026-09-25T17:23:05Z,https://jobs.smartrecruiters.com/BoschGroup/744000151841184
smartrecruiters:BoschGroup:744000151841950,Bosch,Paid Internship in AI Application Team (f/m),Not stated,True,,Internship,,Data & ML/AI,"Warszawa, Województwo mazowieckie, International (PL) (Hybrid)",IEC countries,unknown,188,,Python; JavaScript; SQL; LLMs; React; HTML/CSS; Azure; Git,2026-09-25T12:45:45.661Z,exact,2026-09-25T17:23:05Z,https://jobs.smartrecruiters.com/BoschGroup/744000151841950
workday:barclays:/job/Glasgow-Campus/XMLNAME-2027-Technology-Developer-Summer-Internship-Programme-Glasgow_JR-0000129387,Barclays,2027 Technology Developer Summer Internship Programme Glasgow,Summer 2027,False,,Internship,,Software,Glasgow Campus,IEC countries,unknown,,,Python; Java; C++; C#; TypeScript; JavaScript; SQL,2026-09-25T00:00:00Z,date_only,2026-09-25T17:23:05Z,https://barclays.wd3.myworkdayjobs.com/External_Career_Site_Barclays/job/Glasgow-Campus/XMLNAME-2027-Technology-Developer-Summer-Internship-Programme-Glasgow_JR-0000129387
workday:motorolasolutions:/job/Krakow-Poland/Intern-Software-Developer---Java_R68799,Motorola,Intern Software Developer - Java,Not stated,True,,Internship,,Software,"Krakow, Poland",IEC countries,unknown,,,Java; Git,2026-09-25T00:00:00Z,date_only,2026-09-25T17:23:05Z,https://motorolasolutions.wd5.myworkdayjobs.com/Careers/job/Krakow-Poland/Intern-Software-Developer---Java_R68799
workday:motorolasolutions:/job/Krakow-Poland/Intern-Software-Developer--C--_R68703,Motorola,Intern Software Developer (C#),Not stated,True,,Internship,,Software,"Krakow, Poland",IEC countries,unknown,,,C#; Java; Linux,2026-09-25T00:00:00Z,date_only,2026-09-25T12:03:59Z,https://motorolasolutions.wd5.myworkdayjobs.com/Careers/job/Krakow-Poland/Intern-Software-Developer--C--_R68703
workday:motorolasolutions:/job/Krakow-Poland/Intern-Software-Developer--C-C---_R68901,Motorola,Intern Software Developer (C/C++),Not stated,True,,Internship,,Software,"Krakow, Poland",IEC countries,unknown,,,C++; Linux,2026-09-25T00:00:00Z,date_only,2026-09-25T17:23:05Z,https://motorolasolutions.wd5.myworkdayjobs.com/Careers/job/Krakow-Poland/Intern-Software-Developer--C-C---_R68901
smartrecruiters:Bertelsmann-Jobs:744000151659959,Bertelsmann,Internship in Information Security Services,Not stated,True,,Internship,,Security,"Luxembourg, International (LU)",IEC countries,unknown,,,,2026-09-24T15:51:25.790Z,exact,2026-09-24T18:50:51Z,https://jobs.smartrecruiters.com/Bertelsmann-Jobs/744000151659959
smartrecruiters:BoschGroup:744000151644699,Bosch,Extracurricular Internship in Computer Science / Information Systems (f/m/div.),Not stated,True,,Internship,,Software,"Braga, International (PT)",IEC countries,unknown,188,,JavaScript; SQL; React; Vue; HTML/CSS,2026-09-24T14:54:53.529Z,exact,2026-09-24T18:50:51Z,https://jobs.smartrecruiters.com/BoschGroup/744000151644699
smartrecruiters:Sia:744000151643504,Sia Partners,Final Year Internship Consultant - Cybersecurity,Not stated,True,,Internship,,Security,"Paris, IDF, International (FR)",IEC countries,unknown,,,,2026-09-24T14:53:53.080Z,exact,2026-09-24T18:50:51Z,https://jobs.smartrecruiters.com/Sia/744000151643504
workday:abb:/job/Lodz-Lodz-Poland/Student-Internship---UX-Designer_JR00048119-1,ABB,Student Internship - UX Designer,Not stated,True,,Internship,,Design,"Lodz, Lodz, Poland",IEC countries,unknown,69,,,2026-09-24T00:00:00Z,date_only,2026-09-24T09:48:05Z,https://abb.wd3.myworkdayjobs.com/external_career_page/job/Lodz-Lodz-Poland/Student-Internship---UX-Designer_JR00048119-1
workday:ferrovial:/job/Madrid/AI-Program-Internship_JR19467,Ferrovial,AI Program Internship,Not stated,True,,Internship,,Data & ML/AI,Madrid,IEC countries,unknown,,,LLMs; Azure,2026-09-24T00:00:00Z,date_only,2026-09-24T18:50:51Z,https://ferrovial.wd3.myworkdayjobs.com/ferrovial_career_site/job/Madrid/AI-Program-Internship_JR19467
workday:jj:/job/Schaffhausen-Switzerland/Data-Science---Process-Modeling-Intern_R-101009,Johnson & Johnson,Data Science & Process Modeling Intern,Not stated,True,,Internship,,Data & ML/AI,"Schaffhausen, Switzerland",IEC countries,unknown,8,,Python; MATLAB,2026-09-24T00:00:00Z,date_only,2026-09-24T18:50:51Z,https://jj.wd5.myworkdayjobs.com/JJ/job/Schaffhausen-Switzerland/Data-Science---Process-Modeling-Intern_R-101009
workday:logitech:/job/Krakow-Poland/C---Software-Developer-Intern--3-month-contract-_148315,Logitech,C++ Software Developer Intern (3-month contract),Not stated,True,,Internship,,Software,"Krakow, Poland",IEC countries,unknown,55,,C++; Bash; Linux,2026-09-24T00:00:00Z,date_only,2026-09-24T14:43:11Z,https://logitech.wd5.myworkdayjobs.com/Logitech/job/Krakow-Poland/C---Software-Developer-Intern--3-month-contract-_148315
workday:logitech:/job/Krakow-Poland/Software-Engineer-Intern--3-month-contract-_148290,Logitech,Software Engineer Intern (3-month contract),Not stated,True,,Internship,,Software,"Krakow, Poland",IEC countries,unknown,55,,Java; C++; Kotlin; Bash; Linux,2026-09-24T00:00:00Z,date_only,2026-09-24T14:43:11Z,https://logitech.wd5.myworkdayjobs.com/Logitech/job/Krakow-Poland/Software-Engineer-Intern--3-month-contract-_148290
workday:logitech:/job/Krakow-Poland/Software-QA-Intern--Engineering--3-month-contract-_148297-1,Logitech,"Software QA Intern, Engineering (3-month contract)",Not stated,True,,Internship,,Software,"Krakow, Poland",IEC countries,unknown,55,,Python; Bash; Linux,2026-09-24T00:00:00Z,date_only,2026-09-24T14:43:11Z,https://logitech.wd5.myworkdayjobs.com/Logitech/job/Krakow-Poland/Software-QA-Intern--Engineering--3-month-contract-_148297-1
workday:motorolasolutions:/job/Cork-Ireland/Software-Engineering-Internship_R66949-1,Motorola,Software Engineering Internship,Not stated,True,,Internship,,Software,"Cork, Ireland",IEC countries,unknown,,,C++; Linux; Git,2026-09-24T00:00:00Z,date_only,2026-09-24T22:33:28Z,https://motorolasolutions.wd5.myworkdayjobs.com/Careers/job/Cork-Ireland/Software-Engineering-Internship_R66949-1
workday:nxp:/job/Hamburg/Intern--f-m-d--AI-Driven-Data-Analysis-for-Non-Volatile-Memory-Design_R-10066893,NXP Semiconductors,Intern (f/m/d) AI-Driven Data Analysis for Non-Volatile Memory Design,Not stated,True,,Internship,,Data & ML/AI,Hamburg,IEC countries,unknown,,,Linux; Verilog,2026-09-24T00:00:00Z,date_only,2026-09-24T09:48:05Z,https://nxp.wd3.myworkdayjobs.com/careers/job/Hamburg/Intern--f-m-d--AI-Driven-Data-Analysis-for-Non-Volatile-Memory-Design_R-10066893
workday:pwc:/job/Prague/Datov-internship-v-Technology-Consultingu_742242WD-1,PricewaterhouseCoopers (PwC),Data Engineer Intern,Not stated,True,,Internship,,Data & ML/AI,Prague,IEC countries,unknown,,,Python; LLMs; AWS; GCP; Azure; Git; Spark; Kafka,2026-09-24T00:00:00Z,date_only,2026-09-24T14:43:11Z,https://pwc.wd3.myworkdayjobs.com/Global_Campus_Careers/job/Prague/Datov-internship-v-Technology-Consultingu_742242WD-1
workday:semtech:/job/CAN---Ottawa-ON/Firmware-Design-Intern_REQ3617,Semtech,Firmware Design Intern,Summer 2027,False,,Internship,,Hardware,"CAN - Ottawa, ON",Canada,unknown,9,,Python; C++,2026-09-24T00:00:00Z,date_only,2026-09-24T14:43:11Z,https://semtech.wd1.myworkdayjobs.com/SemtechCareers/job/CAN---Ottawa-ON/Firmware-Design-Intern_REQ3617
smartrecruiters:Sia:744000151389740,Sia Partners,"Final year Internship - CIO, Data & AI Advisory",Not stated,True,,Internship,,Data & ML/AI,"Paris, IDF, International (FR)",IEC countries,unknown,,,,2026-09-23T13:52:07.497Z,exact,2026-09-23T18:16:29Z,https://jobs.smartrecruiters.com/Sia/744000151389740
smartrecruiters:Wavestone1:744000151373865,Wavestone,Internship Wavestone Luxembourg - Cybersecurity & Artificial Intelligence Consulting,Not stated,True,,Internship,,Data & ML/AI,"Leideleng, Distrikt Luxemburg, International (LU)",IEC countries,unknown,,,Python; LLMs,2026-09-23T12:57:37.755Z,exact,2026-09-23T13:54:25Z,https://jobs.smartrecruiters.com/Wavestone1/744000151373865
workday:abb:/job/Krakow-Lesser-Poland-Poland/Student-Internship---UX-Designer_JR00048119-1,ABB,Student Internship - UX Designer,Not stated,True,,Internship,,Design,"Krakow, Lesser Poland, Poland",IEC countries,unknown,69,,,2026-09-23T00:00:00Z,date_only,2026-09-23T18:16:29Z,https://abb.wd3.myworkdayjobs.com/external_career_page/job/Krakow-Lesser-Poland-Poland/Student-Internship---UX-Designer_JR00048119-1
workday:entrust:/job/Canada---Ottawa/Intern--Software-Development---Hybrid-in-Ottawa_R004360,Entrust,"Intern, Software Development - Hybrid in Ottawa",Not stated,True,,Internship,,Software,Canada - Ottawa,Canada,unknown,6,$23–$28/hr,C#; React; .NET; Git,2026-09-23T00:00:00Z,date_only,2026-09-23T18:16:29Z,https://entrust.wd1.myworkdayjobs.com/entrustcareers/job/Canada---Ottawa/Intern--Software-Development---Hybrid-in-Ottawa_R004360
workday:entrust:/job/Canada---Ottawa/XMLNAME--Intern---Software-Development----8-months---Hybrid-Ottawa_R004359,Entrust,Intern – Software Development  - 8 months - Hybrid Ottawa,Not stated,True,,Internship,,Software,Canada - Ottawa,Canada,unknown,6,$23–$28/hr,Java; TypeScript; JavaScript; React; Spring; AWS; Docker; Linux,2026-09-23T00:00:00Z,date_only,2026-09-23T18:16:29Z,https://entrust.wd1.myworkdayjobs.com/entrustcareers/job/Canada---Ottawa/XMLNAME--Intern---Software-Development----8-months---Hybrid-Ottawa_R004359
workday:flextronics:/job/Italy-Milano/Software-Quality-Engineer_WD230181,Flextronics International,Software Quality Engineer- Internship,Not stated,True,,Internship,,Software,"Italy, Milano",IEC countries,unknown,,,,2026-09-23T00:00:00Z,date_only,2026-09-23T13:54:25Z,https://flextronics.wd1.myworkdayjobs.com/Careers/job/Italy-Milano/Software-Quality-Engineer_WD230181
workday:hpe:/job/Bristol-Avon-United-Kingdom/Software-Engineering-Internship--Placement-Year-_1215804,Hewlett Packard Enterprise,Software Engineering Internship (Placement Year),Summer 2027,False,,Internship,,Software,"Bristol, Avon, United Kingdom",IEC countries,unknown,499,,Python; Java; C++; C#; Linux,2026-09-23T00:00:00Z,date_only,2026-09-23T13:54:25Z,https://hpe.wd5.myworkdayjobs.com/Jobsathpe/job/Bristol-Avon-United-Kingdom/Software-Engineering-Internship--Placement-Year-_1215804
workday:jci:/job/Cork-County-Cork-Ireland/Architecture---AI-Intern_WD30279250,Johnson Controls,Architecture & AI Intern,Not stated,True,,Internship,,Data & ML/AI,Cork-County Cork-Ireland,IEC countries,unknown,104,,LLMs; AWS; Azure,2026-09-23T00:00:00Z,date_only,2026-09-23T13:54:25Z,https://jci.wd5.myworkdayjobs.com/JCI/job/Cork-County-Cork-Ireland/Architecture---AI-Intern_WD30279250
workday:marvell:/job/Madrid/Software-Engineer-Intern_2604258,Marvell,Software Engineer Intern,Not stated,True,,Internship,,Software,Madrid,IEC countries,unknown,,,Python; C++,2026-09-23T00:00:00Z,date_only,2026-09-23T13:54:25Z,https://marvell.wd1.myworkdayjobs.com/MarvellCareers/job/Madrid/Software-Engineer-Intern_2604258
workday:motorolasolutions:/job/Krakow-Poland/Intern-Software-Developer--React-JS-_R68879,Motorola,Intern Software Developer (React/JS),Not stated,True,,Internship,,Software,"Krakow, Poland",IEC countries,unknown,,,React; Python; JavaScript; Node.js; HTML/CSS; Git,2026-09-23T00:00:00Z,date_only,2026-09-23T13:54:25Z,https://motorolasolutions.wd5.myworkdayjobs.com/Careers/job/Krakow-Poland/Intern-Software-Developer--React-JS-_R68879
amazon:amazon:10555855,Amazon,2027 Software Dev Engineer Intern - Spain,Summer 2027,False,,Internship,,Software,"Madrid, International",IEC countries,unknown,23139,,Python; Java; C++; C#; Rust; TypeScript; SQL; LLMs,2026-09-22T00:00:00Z,date_only,2026-09-22T12:51:26Z,https://www.amazon.jobs/en/jobs/10555855/2027-software-dev-engineer-intern-spain
amazon:amazon:10555873,Amazon,2027 Software Dev Engineer Intern - Poland,Summer 2027,False,,Internship,,Software,"Gdansk, International",IEC countries,unknown,23139,,Python; Java; C++; C#; Rust; TypeScript; SQL; LLMs,2026-09-22T00:00:00Z,date_only,2026-09-22T12:51:26Z,https://www.amazon.jobs/en/jobs/10555873/2027-software-dev-engineer-intern-poland
ashby:snowflake:ab028e3c-c1cf-4455-8915-8e4e6b0cc9e8,Snowflake,Software Engineer Intern - Berlin (2027),Summer 2027,False,,Internship,,Software,DE-Berlin-Trion Building,IEC countries,unknown,322,,Java; C++; SQL; AWS; GCP; Azure; Snowflake,2026-09-22T13:26:52.671+00:00,exact,2026-09-22T20:45:48Z,https://jobs.ashbyhq.com/snowflake/ab028e3c-c1cf-4455-8915-8e4e6b0cc9e8
greenhouse:dvtrading:4736603005,DV Trading,Security Engineer Intern - Summer 2027,Summer 2027,False,,Internship,,Security,London,IEC countries,unknown,,,Python; Linux,2026-09-22T09:52:06-04:00,exact,2026-09-22T20:45:48Z,https://job-boards.greenhouse.io/dvtrading/jobs/4736603005
oracle:jpmc.fa.oraclecloud.com:210792010,JPMorganChase,2027 Quantitative Research – Asset Management - Summer Analyst Internship - London,Summer 2027,False,,Internship,,Quant,"LONDON, LONDON, United Kingdom",IEC countries,unknown,4656,,Python; Java; C++; SQL; MATLAB; Tableau,2026-09-22,date_only,2026-09-22T12:51:26Z,https://jpmc.fa.oraclecloud.com/hcmUI/CandidateExperience/en/sites/CX_1/job/210792010
smartrecruiters:Sia:744000150967979,Sia Partners,Final Year Internship Consultant - Data Analyst,Not stated,True,,Internship,,Data & ML/AI,"Paris, IDF, International (FR)",IEC countries,unknown,,,Python; SQL; Tableau,2026-09-22T08:41:59.113Z,exact,2026-09-22T12:51:26Z,https://jobs.smartrecruiters.com/Sia/744000150967979
workday:ag:/job/Bremen-Area/Internship--d-f-m--within-Airbus-site-Artificial-Intelligence-Centre--AIC-_JR10441522,Airbus,Internship (d/f/m) within Airbus site Artificial Intelligence Centre (AIC),Not stated,True,,Internship,,Data & ML/AI,Bremen Area,IEC countries,unknown,,,Python; PyTorch; TensorFlow,2026-09-22T00:00:00Z,date_only,2026-09-22T20:45:48Z,https://ag.wd3.myworkdayjobs.com/Airbus/job/Bremen-Area/Internship--d-f-m--within-Airbus-site-Artificial-Intelligence-Centre--AIC-_JR10441522
workday:brevanhoward:/job/London/AI---Quantitative-Analyst--London_JR101605,Brevan Howard,"2027 Summer Internship Program - AI & Quantitative Analyst, London",Summer 2027,False,,Internship,,Quant,London,IEC countries,unknown,,,Python; LLMs,2026-09-22T00:00:00Z,date_only,2026-09-22T12:51:26Z,https://wd3.myworkdaysite.com/recruiting/brevanhoward/BH_ExternalCareers/job/London/AI---Quantitative-Analyst--London_JR101605
workday:leidos:/job/Melbourne-Victoria-Australia/Intern-Software-Developer_R-00190834,Leidos,Intern Software Developer,Not stated,True,,Internship,,Software,"Melbourne, Victoria, Australia",IEC countries,unknown,79,,,2026-09-22T00:00:00Z,date_only,2026-09-22T07:03:30Z,https://leidos.wd5.myworkdayjobs.com/External/job/Melbourne-Victoria-Australia/Intern-Software-Developer_R-00190834
workday:marvell:/job/CA-ON---Toronto---TOR/Firmware-Engineer-Intern_2603751,Marvell,Firmware Engineer Intern,Not stated,True,,Internship,,Hardware,CA-ON - Toronto - TOR,Canada,unknown,,,Python; C++; LLMs,2026-09-22T00:00:00Z,date_only,2026-09-22T20:45:48Z,https://marvell.wd1.myworkdayjobs.com/MarvellCareers/job/CA-ON---Toronto---TOR/Firmware-Engineer-Intern_2603751
workday:marvell:/job/CA-ON---Toronto---TOR/Software-Firmware-Engineer-Intern_2604053,Marvell,Software/Firmware Engineer Intern,Not stated,True,,Internship,,Hardware,CA-ON - Toronto - TOR,Canada,unknown,,,Python; C++; LLMs,2026-09-22T00:00:00Z,date_only,2026-09-22T20:45:48Z,https://marvell.wd1.myworkdayjobs.com/MarvellCareers/job/CA-ON---Toronto---TOR/Software-Firmware-Engineer-Intern_2604053
workday:nvidia:/job/Taiwan-Taipei/System-Software-Engineer---USB--RDSS-Intern-_JR2025914-1,NVIDIA,System Software Engineer - USB (RDSS Intern),Not stated,True,,Internship,,Software,"Taiwan, Taipei",IEC countries,unknown,1526,,C++; Linux,2026-09-22T00:00:00Z,date_only,2026-09-22T07:03:30Z,https://nvidia.wd5.myworkdayjobs.com/NVIDIAExternalCareerSite/job/Taiwan-Taipei/System-Software-Engineer---USB--RDSS-Intern-_JR2025914-1
workday:pg:/job/PARIS-GO-ASNIERES-SUR-SEINE/Analysis---Insights-Internship--Stagiaire-Data-Analyst-_R000159355,Procter & Gamble (P&G),Analysis & Insights Internship (Stagiaire Data Analyst),Not stated,True,,Internship,,Data & ML/AI,PARIS GO-ASNIERES-SUR-SEINE,IEC countries,unknown,,,Python; SQL,2026-09-22T00:00:00Z,date_only,2026-09-24T14:43:11Z,https://pg.wd5.myworkdayjobs.com/1000/job/PARIS-GO-ASNIERES-SUR-SEINE/Analysis---Insights-Internship--Stagiaire-Data-Analyst-_R000159355
workday:pg:/job/PARIS-GO-SAINT-OUEN-GO/Analysis---Insights-Internship--Stagiaire-Data-Analyst-_R000159355,Procter & Gamble (P&G),Analysis & Insights Internship (Stagiaire Data Analyst),Not stated,True,,Internship,,Data & ML/AI,PARIS GO: SAINT-OUEN GO,IEC countries,unknown,,,Python; SQL,2026-09-22T00:00:00Z,date_only,2026-09-22T20:45:48Z,https://pg.wd5.myworkdayjobs.com/1000/job/PARIS-GO-SAINT-OUEN-GO/Analysis---Insights-Internship--Stagiaire-Data-Analyst-_R000159355
workday:soti:/job/Galway-Ireland/Software-Development---QA-Intern-Opportunities-26-27_R10547,SOTI,Software Development & QA Intern Opportunities 26/27,Not stated,True,,Internship,,Software,"Galway, Ireland",IEC countries,unknown,,,C#; JavaScript; SQL; Node.js; Angular; HTML/CSS,2026-09-22T00:00:00Z,date_only,2026-09-22T12:51:26Z,https://soti.wd3.myworkdayjobs.com/Careers/job/Galway-Ireland/Software-Development---QA-Intern-Opportunities-26-27_R10547
workday:wexinc:/job/Melbourne-Australia/Software-Development-Intern_R22903,Wex,Software Engineering Intern,Not stated,True,,Internship,,Software,"Melbourne, Australia",IEC countries,unknown,22,,Python; Java; C#; TypeScript; JavaScript; LLMs,2026-09-22T00:00:00Z,date_only,2026-09-22T01:54:52Z,https://wexinc.wd5.myworkdayjobs.com/WEXInc/job/Melbourne-Australia/Software-Development-Intern_R22903
amazon:amazon:10554586,Amazon,2027 Software Dev Engineer Intern - United Kingdom,Summer 2027,False,,Internship,,Software,"London, International",IEC countries,unknown,23139,,Python; Java; C++; C#; Rust; TypeScript; SQL; LLMs,2026-09-21T00:00:00Z,date_only,2026-09-22T01:54:52Z,https://www.amazon.jobs/en/jobs/10554586/2027-software-dev-engineer-intern-united-kingdom
amazon:amazon:10554706,Amazon,2027 Software Dev Engineer Intern - Luxembourg,Summer 2027,False,,Internship,,Software,"Luxembourg, International",IEC countries,unknown,23139,,Python; Java; C++; C#; Rust; TypeScript; SQL; LLMs,2026-09-21T00:00:00Z,date_only,2026-09-22T12:51:26Z,https://www.amazon.jobs/en/jobs/10554706/2027-software-dev-engineer-intern-luxembourg
greenhouse:capstoneinvestmentadvisors:8828058002,Capstone Investment Advisors,Summer 2027 - Investment Internship LDN,Summer 2027,False,,Internship,,Other,London,IEC countries,unknown,9,,Python; Java,2026-09-21T16:18:00-04:00,exact,2026-10-01T20:46:12Z,https://job-boards.greenhouse.io/capstoneinvestmentadvisors/jobs/8828058002
oracle:egug.fa.us2.oraclecloud.com:26014306,American Express,Campus - Internship Programme - Undergraduate - GMNS Digital Product Management - 2027 (UK - London),Summer 2027,False,,Internship,,PM,"LONDON, United Kingdom",IEC countries,unknown,133,,,2026-09-21,date_only,2026-09-22T01:54:52Z,https://egug.fa.us2.oraclecloud.com/hcmUI/CandidateExperience/en/sites/CX_1/job/26014306
workday:cc:/job/London/Information-Security-Intern---Governance--Risk---Compliance--GRC-_JOBREQ00115341,Chanel,"Information Security Intern – Governance, Risk & Compliance (GRC)",Not stated,True,,Internship,,Security,London,IEC countries,unknown,6,,,2026-09-21T00:00:00Z,date_only,2026-09-22T01:54:52Z,https://cc.wd3.myworkdayjobs.com/ChanelCareers/job/London/Information-Security-Intern---Governance--Risk---Compliance--GRC-_JOBREQ00115341
workday:gresearch:/job/London-UK/Software-Engineering-Intern_R3746,G-Research,Software Engineering Internship,Not stated,True,,Internship,,Software,"London, UK",IEC countries,unknown,,,Java; C++; C#,2026-09-21T00:00:00Z,date_only,2026-09-22T01:54:52Z,https://gresearch.wd103.myworkdayjobs.com/G-Research/job/London-UK/Software-Engineering-Intern_R3746
workday:autodesk:/job/Montreal-QC-CAN/Product-Management-Intern--Stagiaire-Gestion-de-Produit_26WD101135-1,Autodesk,"Product Management Intern, Stagiaire Gestion de Produit",Not stated,True,,Internship,,PM,"Montreal, QC, CAN",Canada,unknown,343,,LLMs,2026-09-19T00:00:00Z,date_only,2026-09-20T00:39:11Z,https://autodesk.wd1.myworkdayjobs.com/Ext/job/Montreal-QC-CAN/Product-Management-Intern--Stagiaire-Gestion-de-Produit_26WD101135-2
amazon:amazon:10553947,Amazon,Software Development Engineer Intern - Summer 2027 (CAN),Summer 2027,False,,Internship,,Software,"Vancouver, International",Canada,unknown,23139,,Python; Java; C++; C#; Rust; TypeScript; SQL; LLMs,2026-09-18T00:00:00Z,date_only,2026-09-18T21:30:35Z,https://www.amazon.jobs/en/jobs/10553947/software-development-engineer-intern-summer-2027-can
greenhouse:waymo:8214729,Waymo,"2027 Summer Intern, BS/MS, Software Engineer, RO Performance team, Release Evaluation (Simulation)",Summer 2027,False,,Internship,,Software,"Warsaw, Poland",IEC countries,unknown,284,,Python; Java; C++; SQL,2026-09-18T18:07:50-04:00,exact,2026-09-25T23:45:29Z,https://careers.withwaymo.com/jobs?gh_jid=8214729
oracle:eedu.fa.em3.oraclecloud.com:202605997,WTW,2027 Data Scientist Internship Programme - P&C Insurance - London/Reigate,Summer 2027,False,,Internship,,Data & ML/AI,"London, London, United Kingdom; Reigate, Surrey, United Kingdom",IEC countries,unknown,,,Python; SQL; LLMs,2026-09-18,date_only,2026-09-22T01:54:52Z,https://eedu.fa.em3.oraclecloud.com/hcmUI/CandidateExperience/en/sites/CX_1003/job/202605997
oracle:ekbq.fa.em2.oraclecloud.com:1952,Schroders,2027 Product Internship Programme,Summer 2027,False,,Internship,,Other,"London, United Kingdom",IEC countries,unknown,,,,2026-09-18,date_only,2026-09-22T01:54:52Z,https://ekbq.fa.em2.oraclecloud.com/hcmUI/CandidateExperience/en/sites/CX_2/job/1952
smartrecruiters:BoschGroup:744000150296334,Bosch,【MA】Internship Regional Product Manager in Aftermarket Asia Pacific South,Not stated,True,,Internship,,PM,"Bosch Corporation_Internship, Kanagawa, International (JP)",Japan,unknown,188,,Python; SQL,2026-09-18T07:36:48.661Z,exact,2026-09-18T11:23:45Z,https://jobs.smartrecruiters.com/BoschGroup/744000150296334
workable:cogna:45A6283F88,Cogna,Software Engineer Intern (2027 Cohort),Summer 2027,False,,Internship,,Software,"London, England, United Kingdom (Hybrid)",IEC countries,unknown,,,Python; Java; C++; C#; Go; Rust; TypeScript; LLMs,2026-09-18T00:00:00.000Z,date_only,2026-09-22T01:54:52Z,https://apply.workable.com/cogna/j/45A6283F88/
workday:clearwateranalytics:/job/Office---London/Product-Management-Intern_R12199,CWAN,Product Management Intern,Not stated,True,,Internship,,PM,Office - London,IEC countries,unknown,,,Python; SQL,2026-09-18T00:00:00Z,date_only,2026-09-22T01:54:52Z,https://clearwateranalytics.wd1.myworkdayjobs.com/Clearwater_Analytics_Careers/job/Office---London/Product-Management-Intern_R12199
workday:ferrovial:/job/Madrid/AI-Engineer-Internship_JR19380,Ferrovial,AI Engineer Internship,Not stated,True,,Internship,,Data & ML/AI,Madrid,IEC countries,unknown,,,Python; PyTorch; TensorFlow; scikit-learn; LLMs; Computer Vision; Azure; Git,2026-09-18T00:00:00Z,date_only,2026-09-22T01:54:52Z,https://ferrovial.wd3.myworkdayjobs.com/ferrovial_career_site/job/Madrid/AI-Engineer-Internship_JR19380
workday:genesys:/job/Toronto-Flexible/Software-Developer--Intern--Genesys-Cloud-_JR112244-1,Genesys,"Software Developer, Intern (Genesys Cloud)",Not stated,True,,Internship,,Software,Toronto (Flexible),Canada,unknown,,,TypeScript; JavaScript; Vue; AWS,2026-09-18T00:00:00Z,date_only,2026-09-18T18:39:06Z,https://genesys.wd1.myworkdayjobs.com/Genesys/job/Toronto-Flexible/Software-Developer--Intern--Genesys-Cloud-_JR112244-1
workday:genesys:/job/Toronto-Flexible/Software-Developer-Full-Stack-Intern--AI-Scoring--Evaluations-and-Surveys_JR112168-1,Genesys,"Software Developer Full-Stack Intern, AI Scoring, Evaluations and Surveys",Not stated,True,,Internship,,Data & ML/AI,Toronto (Flexible),Canada,unknown,,,Python; Java; TypeScript; JavaScript; React; HTML/CSS; Spring; AWS,2026-09-18T00:00:00Z,date_only,2026-09-18T18:39:06Z,https://genesys.wd1.myworkdayjobs.com/Genesys/job/Toronto-Flexible/Software-Developer-Full-Stack-Intern--AI-Scoring--Evaluations-and-Surveys_JR112168-1
workday:genesys:/job/Toronto-Flexible/Software-Developer-Intern--Predictions-Data---Decision-Science_JR112176-1,Genesys,"Software Developer Intern, Predictions Data & Decision Science",Not stated,True,,Internship,,Data & ML/AI,Toronto (Flexible),Canada,unknown,,,Python; Java; C++; C#; LLMs; AWS; Git,2026-09-18T00:00:00Z,date_only,2026-09-18T18:39:06Z,https://genesys.wd1.myworkdayjobs.com/Genesys/job/Toronto-Flexible/Software-Developer-Intern--Predictions-Data---Decision-Science_JR112176-1
workday:genesys:/job/Toronto-Flexible/Software-Developer-in-Test--Intern--Agent-Development-_JR112174-1,Genesys,"Software Developer in Test, Intern (Agent Development)",Not stated,True,,Internship,,Software,Toronto (Flexible),Canada,unknown,,,Python; Java; AWS; Selenium,2026-09-18T00:00:00Z,date_only,2026-09-18T18:39:06Z,https://genesys.wd1.myworkdayjobs.com/Genesys/job/Toronto-Flexible/Software-Developer-in-Test--Intern--Agent-Development-_JR112174-1
workday:genesys:/job/Toronto-Flexible/Software-Developer-in-Test--Intern--Genesys-Cloud-_JR112179-1,Genesys,"Software Developer in Test, Intern (Genesys Cloud)",Not stated,True,,Internship,,Software,Toronto (Flexible),Canada,unknown,,,Python; Java; TypeScript; JavaScript; LLMs; AWS; Git,2026-09-18T00:00:00Z,date_only,2026-09-18T18:39:06Z,https://genesys.wd1.myworkdayjobs.com/Genesys/job/Toronto-Flexible/Software-Developer-in-Test--Intern--Genesys-Cloud-_JR112179-1
workday:genesys:/job/Toronto-Flexible/Software-Developer-in-Test--Intern--Genesys-Cloud-_JR112183-1,Genesys,"Software Developer in Test, Intern (Genesys Cloud)",Not stated,True,,Internship,,Software,Toronto (Flexible),Canada,unknown,,,Python; Java; Kotlin; AWS; Git; Selenium,2026-09-18T00:00:00Z,date_only,2026-09-18T18:39:06Z,https://genesys.wd1.myworkdayjobs.com/Genesys/job/Toronto-Flexible/Software-Developer-in-Test--Intern--Genesys-Cloud-_JR112183-1
workday:genesys:/job/Toronto-Flexible/Software-Developer-in-Test--Intern--WEM-_JR112136-1,Genesys,"Software Developer in Test, Intern (WEM)",Not stated,True,,Internship,,Software,Toronto (Flexible),Canada,unknown,,,Python; Java; LLMs; AWS; Git; Selenium,2026-09-18T00:00:00Z,date_only,2026-09-18T18:39:06Z,https://genesys.wd1.myworkdayjobs.com/Genesys/job/Toronto-Flexible/Software-Developer-in-Test--Intern--WEM-_JR112136-1
workday:genesys:/job/Toronto-Flexible/Software-Developer-in-Test--Intern--WEM-_JR112184-1,Genesys,"Software Developer in Test, Intern (WEM)",Not stated,True,,Internship,,Software,Toronto (Flexible),Canada,unknown,,,Python; Java; LLMs; AWS; Git; Selenium,2026-09-18T00:00:00Z,date_only,2026-09-18T18:39:06Z,https://genesys.wd1.myworkdayjobs.com/Genesys/job/Toronto-Flexible/Software-Developer-in-Test--Intern--WEM-_JR112184-1
workday:genesys:/job/Toronto-Flexible/Web-Software-Developer--Intern--WFM-_JR112295-1,Genesys,"Web Software Developer, Intern (WFM)",Not stated,True,,Internship,,Software,Toronto (Flexible),Canada,unknown,,,Java; TypeScript; JavaScript; Vue; HTML/CSS; AWS; Git,2026-09-18T00:00:00Z,date_only,2026-09-18T18:39:06Z,https://genesys.wd1.myworkdayjobs.com/Genesys/job/Toronto-Flexible/Web-Software-Developer--Intern--WFM-_JR112295-1
workday:genesys:/job/Toronto-Flexible/Web-Software-Developer-Intern--WFM-_JR112214-1,Genesys,Web Software Developer Intern (WFM),Not stated,True,,Internship,,Software,Toronto (Flexible),Canada,unknown,,,Java; TypeScript; JavaScript; Vue; HTML/CSS; AWS; Git,2026-09-18T00:00:00Z,date_only,2026-09-18T18:39:06Z,https://genesys.wd1.myworkdayjobs.com/Genesys/job/Toronto-Flexible/Web-Software-Developer-Intern--WFM-_JR112214-1
workday:sunlife:/job/Waterford-Waterford-Ireland/Jr-Analytics-and-Automation-Developer-Intern_JR00128023,Sun Life,Jr. Analytics and Automation Developer Intern,Not stated,True,,Internship,,Data & ML/AI,"Waterford, Waterford, Ireland",IEC countries,unknown,,,Python; Java; C++,2026-09-18T00:00:00Z,date_only,2026-09-22T01:54:52Z,https://sunlife.wd3.myworkdayjobs.com/Experienced-Jobs/job/Waterford-Waterford-Ireland/Jr-Analytics-and-Automation-Developer-Intern_JR00128023
greenhouse:rothesaygraduates:8811533002,Rothesay,2027 Summer Internship Programme - Quantitative Strategist,Summer 2027,False,,Internship,,Quant,London,IEC countries,unknown,,,Python; C++,2026-09-17T07:42:29-04:00,exact,2026-09-22T01:54:52Z,https://job-boards.greenhouse.io/rothesaygraduates/jobs/8811533002
greenhouse:towerresearchcapital:8212179,Tower Research Capital,Stagiaire en développement de logiciels (été 2027) / Software Developer Intern (Summer 2027),Summer 2027,False,,Internship,,Software,Montreal,Canada,unknown,38,,Python; Java; C++; Go; Rust; SQL; Linux,2026-09-17T16:59:48-04:00,exact,2026-09-17T22:41:18Z,https://www.tower-research.com/open-positions/?gh_jid=8212179
smartrecruiters:BoschGroup:744000150216697,Bosch,DATA ANALYST INTERN,Not stated,True,,Internship,,Data & ML/AI,"San Francisco, Heredia, International (CR) (Hybrid)",IEC countries,unknown,188,,Python; SQL; Pandas; Git; Tableau,2026-09-17T21:06:04.580Z,exact,2026-09-22T01:54:52Z,https://jobs.smartrecruiters.com/BoschGroup/744000150216697
workday:manulife:/job/Toronto-Ontario/Summer-Intern-2027---Infrastructure-Equity-Internship_JR26081107,Manulife Financial,Summer Intern 2027 - Infrastructure Equity Internship,Summer 2027,False,,Internship,,Software,"Toronto, Ontario",Canada,unknown,,,HTML/CSS,2026-09-17T00:00:00Z,date_only,2026-09-17T15:32:04Z,https://manulife.wd3.myworkdayjobs.com/MFCJH_Jobs/job/Toronto-Ontario/Summer-Intern-2027---Infrastructure-Equity-Internship_JR26081107
workday:manulife:/job/Waterloo-Ontario/Summer-Intern-2027---Software-Engineering--12-Months-_JR26091053,Manulife Financial,Summer Intern 2027 - Software Engineering (12 Months),Summer 2027,False,,Internship,,Software,"Waterloo, Ontario",Canada,unknown,,,Python; Java; JavaScript; HTML/CSS; Git,2026-09-17T00:00:00Z,date_only,2026-09-17T22:41:18Z,https://manulife.wd3.myworkdayjobs.com/MFCJH_Jobs/job/Waterloo-Ontario/Summer-Intern-2027---Software-Engineering--12-Months-_JR26091053
workday:rockwellautomation:/job/Waterloo-Ontario-Canada/Co-op--Robotics-Research---Physical-AI--OTTO-at-Rockwell-Automation-_R26-6872-1,Rockwell Automation,"Co-op, Robotics Research - Physical AI (OTTO at Rockwell Automation)",Not stated,True,,Co-op,,Data & ML/AI,"Waterloo, Ontario, Canada",Canada,no-sponsorship,90,,PyTorch; ROS,2026-09-17T00:00:00Z,date_only,2026-09-17T22:41:18Z,https://rockwellautomation.wd1.myworkdayjobs.com/External_Rockwell_Automation/job/Waterloo-Ontario-Canada/Co-op--Robotics-Research---Physical-AI--OTTO-at-Rockwell-Automation-_R26-6872-1
workday:rockwellautomation:/job/Waterloo-Ontario-Canada/Co-op--User-Experience---Robotics_R26-6732-1,Rockwell Automation,"Co-op, User Experience - Robotics (OTTO by Rockwell Automation)",Not stated,True,,Co-op,,Design,"Waterloo, Ontario, Canada",Canada,no-sponsorship,90,,LLMs; React; ROS,2026-09-17T00:00:00Z,date_only,2026-09-17T22:41:18Z,https://rockwellautomation.wd1.myworkdayjobs.com/External_Rockwell_Automation/job/Waterloo-Ontario-Canada/Co-op--User-Experience---Robotics_R26-6732-1
ashby:talos-trading:42cad756-c312-4142-a9b7-18ed76f61c5d,Talos,"Software Engineer Intern, Trading",Summer 2027,False,,Internship,,Quant,London,IEC countries,unknown,,,Java; C++; Git; PostgreSQL,2026-09-16T11:11:20.371+00:00,exact,2026-09-22T01:54:52Z,https://jobs.ashbyhq.com/talos-trading/42cad756-c312-4142-a9b7-18ed76f61c5d
ashby:talos-trading:f2a0aaa2-af88-4715-9f2d-8f61bd5e2935,Talos,"Software Engineer Intern, Infrastructure",Summer 2027,False,,Internship,,Software,London,IEC countries,unknown,,,Python; Java; Bash; AWS; GCP; Linux; Git,2026-09-16T12:22:01.179+00:00,exact,2026-09-22T01:54:52Z,https://jobs.ashbyhq.com/talos-trading/f2a0aaa2-af88-4715-9f2d-8f61bd5e2935
greenhouse:schonfeld:8207942,Schonfeld,2027 DMFI Quant Developer Intern,Summer 2027,False,,Internship,,Quant,"London, England, United Kingdom",IEC countries,unknown,,,Python; C++,2026-09-16T12:57:16-04:00,exact,2026-09-22T01:54:52Z,https://job-boards.greenhouse.io/schonfeld/jobs/8207942
smartrecruiters:BoschGroup:744000149963299,Bosch,WEB DEVELOPER INTERN (PYTHON & AUTOMATION),Not stated,True,,Internship,,Software,"San Francisco, Heredia, International (CR) (Hybrid)",IEC countries,unknown,188,,Python; JavaScript; Angular; HTML/CSS; Docker; Git,2026-09-16T22:40:11.274Z,exact,2026-09-22T01:54:52Z,https://jobs.smartrecruiters.com/BoschGroup/744000149963299
workable:javelin-global-commodities:C2B7BC10AD,Javelin Global Commodities,Summer Intern: Software Engineering,Not stated,True,,Internship,,Software,"London, England, United Kingdom",IEC countries,unknown,,,,2026-09-16T00:00:00.000Z,date_only,2026-09-22T01:54:52Z,https://apply.workable.com/javelin-global-commodities/j/C2B7BC10AD/
workday:ciena:/job/Ottawa/AI---Automation-Intern---GCN-Services-Business-Operations_R031664,Ciena,AI & Automation Intern - GCN Services Business Operations,Not stated,True,,Internship,,Data & ML/AI,Ottawa,Canada,unknown,43,,,2026-09-16T00:00:00Z,date_only,2026-09-16T19:08:49Z,https://ciena.wd5.myworkdayjobs.com/careers/job/Ottawa/AI---Automation-Intern---GCN-Services-Business-Operations_R031664
workday:ffive:/job/Cork/Software-Engineering-Intern_RP1038785,F5,Software Engineering Intern,Not stated,True,,Internship,,Software,Cork,IEC countries,unknown,228,,Python; Kubernetes,2026-09-16T00:00:00Z,date_only,2026-09-22T01:54:52Z,https://ffive.wd5.myworkdayjobs.com/f5jobs/job/Cork/Software-Engineering-Intern_RP1038785
workday:nvidia:/job/Germany-Munich/Software-Engineering-Intern---Replay-Tooling---Test-Automation--Autonomous-Driving_JR2022086,NVIDIA,Software Engineering Intern — Replay Tooling and Test Automation - Autonomous Driving,Not stated,True,,Internship,,Software,"Germany, Munich",IEC countries,unknown,1526,,Python; C++; Linux; Git,2026-09-16T00:00:00Z,date_only,2026-09-22T01:54:52Z,https://nvidia.wd5.myworkdayjobs.com/NVIDIAExternalCareerSite/job/Germany-Munich/Software-Engineering-Intern---Replay-Tooling---Test-Automation--Autonomous-Driving_JR2022086
workday:nvidia:/job/Taiwan-Taipei/Firmware-Application-Engineer--RDSS-Intern-_JR2024884,NVIDIA,Firmware Application Engineer (RDSS Intern),Not stated,True,,Internship,,Hardware,"Taiwan, Taipei",IEC countries,unknown,1526,,Python; C++; Linux,2026-09-16T00:00:00Z,date_only,2026-09-22T01:54:52Z,https://nvidia.wd5.myworkdayjobs.com/NVIDIAExternalCareerSite/job/Taiwan-Taipei/Firmware-Application-Engineer--RDSS-Intern-_JR2024884
workday:nvidia:/job/Taiwan-Taipei/Server-Firmware-Developer--RDSS-Intern-_JR2025558,NVIDIA,Server Firmware Developer (RDSS Intern),Not stated,True,,Internship,,Hardware,"Taiwan, Taipei",IEC countries,unknown,1526,,Python; C++; Bash; Linux; Git,2026-09-16T00:00:00Z,date_only,2026-09-22T01:54:52Z,https://nvidia.wd5.myworkdayjobs.com/NVIDIAExternalCareerSite/job/Taiwan-Taipei/Server-Firmware-Developer--RDSS-Intern-_JR2025558
workday:pwc:/job/Milan/Cloud-Infrastructure-Intern---Milano_741403WD-1,PricewaterhouseCoopers (PwC),Cloud Infrastructure Intern - Milano,Not stated,True,,Internship,,Software,Milan,IEC countries,citizens-only,,,,2026-09-16T00:00:00Z,date_only,2026-09-22T01:54:52Z,https://pwc.wd3.myworkdayjobs.com/Global_Campus_Careers/job/Milan/Cloud-Infrastructure-Intern---Milano_741403WD-1
oracle:fa-evmr-saasfaprod1.fa.ocs.oraclecloud.com:39600,Nokia,Hardware Developer Eng Co-op/Intern,Not stated,True,,Internship / Co-op,,Hardware,Canada,Canada,unknown,,,,2026-09-15,date_only,2026-09-15T17:58:19Z,https://fa-evmr-saasfaprod1.fa.ocs.oraclecloud.com/hcmUI/CandidateExperience/en/sites/CX_1/job/39600
smartrecruiters:Sia:744000149618239,Sia Partners,"Final year Internship - CIO, Data & AI Advisory",Not stated,True,,Internship,,Data & ML/AI,"Paris, IDF, International (FR)",IEC countries,unknown,,,,2026-09-15T14:11:20.797Z,exact,2026-09-22T01:54:52Z,https://jobs.smartrecruiters.com/Sia/744000149618239
workday:altera:/job/Toronto-Ontario-Canada/Quartus-Compiler-Software---Intern_R03108,Altera Corporation,Quartus Compiler Software - Intern,Not stated,True,,Internship,,Software,"Toronto, Ontario, Canada",Canada,unknown,,,C++; Verilog,2026-09-15T00:00:00Z,date_only,2026-09-15T21:34:03Z,https://altera.wd1.myworkdayjobs.com/altera/job/Toronto-Ontario-Canada/Quartus-Compiler-Software---Intern_R03108
workday:clearwateranalytics:/job/Office---London/Software-Development-Intern_R12096,CWAN,Software Development Intern,Not stated,True,,Internship,,Software,Office - London,IEC countries,unknown,,,Java,2026-09-15T00:00:00Z,date_only,2026-09-22T01:54:52Z,https://clearwateranalytics.wd1.myworkdayjobs.com/Clearwater_Analytics_Careers/job/Office---London/Software-Development-Intern_R12096
workday:clearwateranalytics:/job/Office---London/Software-Development-Intern_R12097,CWAN,Software Development Intern,Not stated,True,,Internship,,Software,Office - London,IEC countries,unknown,,,Java,2026-09-15T00:00:00Z,date_only,2026-09-22T01:54:52Z,https://clearwateranalytics.wd1.myworkdayjobs.com/Clearwater_Analytics_Careers/job/Office---London/Software-Development-Intern_R12097
workday:clearwateranalytics:/job/Office---London/Technical-Product-Management-Intern_R12197,CWAN,Technical Product Management Intern,Not stated,True,,Internship,,PM,Office - London,IEC countries,unknown,,,Java,2026-09-15T00:00:00Z,date_only,2026-09-22T01:54:52Z,https://clearwateranalytics.wd1.myworkdayjobs.com/Clearwater_Analytics_Careers/job/Office---London/Technical-Product-Management-Intern_R12197
workday:kyndryl:/job/Athens-Attiki-Greece/Devops-Intern_R-65079-1,Kyndryl,Devops Intern,Not stated,True,,Internship,,Software,"Athens, Attiki, Greece",IEC countries,unknown,40,,,2026-09-15T00:00:00Z,date_only,2026-09-22T01:54:52Z,https://kyndryl.wd5.myworkdayjobs.com/KyndrylProfessionalCareers/job/Athens-Attiki-Greece/Devops-Intern_R-65079-1
workday:kyndryl:/job/Athens-Attiki-Greece/Middleware-Software-Intern_R-65081-1,Kyndryl,Middleware Software Intern,Not stated,True,,Internship,,Software,"Athens, Attiki, Greece",IEC countries,unknown,40,,,2026-09-15T00:00:00Z,date_only,2026-09-22T01:54:52Z,https://kyndryl.wd5.myworkdayjobs.com/KyndrylProfessionalCareers/job/Athens-Attiki-Greece/Middleware-Software-Intern_R-65081-1
ashby:spaice-tech:16468d27-11e9-498c-87b6-3469f5f4ee12,SPAICE Technology,Software Engineering Intern,Not stated,True,,Internship,,Software,London,IEC countries,unknown,,,Python; C++; Linux; Git,2026-09-14T16:06:49.638+00:00,exact,2026-09-22T01:54:52Z,https://jobs.ashbyhq.com/spaice-tech/16468d27-11e9-498c-87b6-3469f5f4ee12
greenhouse:doordashcanada:8170944,DoorDash,"Software Engineer, Intern (Summer 2027) - TOR",Summer 2027,False,,Internship,,Software,"Toronto, ON",Canada,unknown,685,,Python; Java; SQL; Kotlin; AWS,2026-09-14T18:50:07-04:00,exact,2026-09-15T01:35:09Z,https://job-boards.greenhouse.io/doordashcanada/jobs/8170944
greenhouse:figma:6152695004,Figma,"Software Engineer Intern (London, United Kingdom) (Summer 2027)",Summer 2027,False,,Internship,,Software,"London, England",IEC countries,unknown,39,,Python; Java; C++; JavaScript; Git,2026-09-14T13:36:24-04:00,exact,2026-09-22T01:54:52Z,https://boards.greenhouse.io/figma/jobs/6152695004?gh_jid=6152695004
greenhouse:robinhood:8142930,Robinhood,"Software Developer Intern, Backend (Summer 2027)",Summer 2027,False,,Internship,,Software,"Toronto, Canada",Canada,unknown,,,Python; Django; AWS; Kubernetes; Kafka; PostgreSQL; Redis,2026-09-14T08:00:08-04:00,exact,2026-09-14T14:07:58Z,https://boards.greenhouse.io/robinhood/jobs/8142930?t=gh_src=&gh_jid=8142930
greenhouse:robinhood:8199729,Robinhood,"Software Developer Intern, iOS (Summer 2027)",Summer 2027,False,,Internship,,Software,"Toronto, Canada",Canada,unknown,,,Swift,2026-09-14T08:00:08-04:00,exact,2026-09-14T14:07:58Z,https://boards.greenhouse.io/robinhood/jobs/8199729?t=gh_src=&gh_jid=8199729
greenhouse:robinhood:8199744,Robinhood,"Software Developer Intern, Web (Summer 2027)",Summer 2027,False,,Internship,,Software,"Toronto, Canada",Canada,unknown,,,Python; TypeScript; JavaScript; React; Django,2026-09-14T08:00:09-04:00,exact,2026-09-14T14:07:58Z,https://boards.greenhouse.io/robinhood/jobs/8199744?t=gh_src=&gh_jid=8199744
greenhouse:scaleai:4730846005,Scale AI,Software Engineering Intern (Summer 2027),Summer 2027,False,,Internship,,Software,"London, UK",IEC countries,unknown,26,,Python; TypeScript; LLMs; React; MongoDB,2026-09-14T09:12:21-04:00,exact,2026-09-22T01:54:52Z,https://job-boards.greenhouse.io/scaleai/jobs/4730846005
oracle:egug.fa.us2.oraclecloud.com:26013756,American Express,Campus - Internship Programme - Undergraduate - AI Engineer - 2027 (UK - Burgess Hill),Summer 2027,False,,Internship,,Data & ML/AI,"BURGESS HILL, WEST SUSSEX, United Kingdom",IEC countries,unknown,133,,Python; Java; JavaScript; SQL; LLMs,2026-09-14,date_only,2026-09-22T01:54:52Z,https://egug.fa.us2.oraclecloud.com/hcmUI/CandidateExperience/en/sites/CX_1/job/26013756
oracle:egug.fa.us2.oraclecloud.com:26013758,American Express,Campus - Internship Programme - Undergraduate - AI Engineer - 2027 (UK - London),Summer 2027,False,,Internship,,Data & ML/AI,"LONDON, United Kingdom",IEC countries,unknown,133,,Python; Java; JavaScript; SQL; LLMs,2026-09-14,date_only,2026-09-22T01:54:52Z,https://egug.fa.us2.oraclecloud.com/hcmUI/CandidateExperience/en/sites/CX_1/job/26013758
oracle:egug.fa.us2.oraclecloud.com:26013761,American Express,Campus - Internship Programme - Undergraduate - Information Security Engineer - 2027 (UK - Burgess Hill),Summer 2027,False,,Internship,,Security,"BURGESS HILL, WEST SUSSEX, United Kingdom",IEC countries,unknown,133,,Python; Bash,2026-09-14,date_only,2026-09-22T01:54:52Z,https://egug.fa.us2.oraclecloud.com/hcmUI/CandidateExperience/en/sites/CX_1/job/26013761
oracle:egug.fa.us2.oraclecloud.com:26013764,American Express,Campus - Internship Programme - Undergraduate - Product Manager - 2027 (UK - Burgess Hill),Summer 2027,False,,Internship,,PM,"BURGESS HILL, WEST SUSSEX, United Kingdom",IEC countries,unknown,133,,LLMs; Tableau,2026-09-14,date_only,2026-09-22T01:54:52Z,https://egug.fa.us2.oraclecloud.com/hcmUI/CandidateExperience/en/sites/CX_1/job/26013764
oracle:egug.fa.us2.oraclecloud.com:26013766,American Express,Campus - Internship Programme - Undergraduate - Product Manager - 2027 (UK - London),Summer 2027,False,,Internship,,PM,"LONDON, United Kingdom",IEC countries,unknown,133,,LLMs; Tableau,2026-09-14,date_only,2026-09-22T01:54:52Z,https://egug.fa.us2.oraclecloud.com/hcmUI/CandidateExperience/en/sites/CX_1/job/26013766
oracle:egug.fa.us2.oraclecloud.com:26013769,American Express,Campus - Internship Programme - Undergraduate - Software Engineer - 2027 (UK - London),Summer 2027,False,,Internship,,Software,"LONDON, United Kingdom",IEC countries,unknown,133,,Python; Java; C#; JavaScript; Kotlin; LLMs,2026-09-14,date_only,2026-09-22T01:54:52Z,https://egug.fa.us2.oraclecloud.com/hcmUI/CandidateExperience/en/sites/CX_1/job/26013769
oracle:egug.fa.us2.oraclecloud.com:26013771,American Express,Campus - Internship Programme - Undergraduate - Software Engineer - 2027 (UK - Burgess Hill),Summer 2027,False,,Internship,,Software,"BURGESS HILL, WEST SUSSEX, United Kingdom",IEC countries,unknown,133,,Python; Java; C#; JavaScript; Kotlin; LLMs,2026-09-14,date_only,2026-09-22T01:54:52Z,https://egug.fa.us2.oraclecloud.com/hcmUI/CandidateExperience/en/sites/CX_1/job/26013771
oracle:fa-euxc-saasfaprod1.fa.ocs.oraclecloud.com:16490,Citco,AI Intern - 6 Months (2 positions),Not stated,True,,Internship,,Data & ML/AI,"Dublin, Co. Dublin, Ireland",IEC countries,unknown,,,Python; LLMs; AWS; Git,2026-09-14,date_only,2026-09-22T01:54:52Z,https://fa-euxc-saasfaprod1.fa.ocs.oraclecloud.com/hcmUI/CandidateExperience/en/sites/CX_1/job/16490
smartrecruiters:Eurofins:744000149363579,Eurofins,AI Compliance Internship,Not stated,True,,Internship,,Data & ML/AI,"Maastricht, LI, International (NL)",Canada,unknown,,,,2026-09-14T15:07:53.402Z,exact,2026-09-14T19:34:10Z,https://jobs.smartrecruiters.com/Eurofins/744000149363579
smartrecruiters:Sia:744000149281258,Sia Partners,Final year internship - Data Scientist & AI Consultant,Not stated,True,,Internship,,Data & ML/AI,"Paris, IDF, International (FR)",IEC countries,unknown,,,Python; PyTorch; TensorFlow; LLMs; Computer Vision; Flask; AWS; GCP,2026-09-14T09:23:48.114Z,exact,2026-09-22T01:54:52Z,https://jobs.smartrecruiters.com/Sia/744000149281258
workday:bmo:/job/Toronto-ON-CAN/Quantitative-Developer--Alpha-Research-Team----GAM--Summer-2027--Co-op-Internship----12-months_R260026715-3,BMO,"Quantitative Developer (Alpha Research Team) - GAM, Summer 2027 (Co-op/Internship) - 12 months",Summer 2027,False,,Internship / Co-op,,Quant,"Toronto, ON, CAN",Canada,unknown,,,Python; SQL; Pandas; AWS; GCP; Azure; Docker; Git,2026-09-14T00:00:00Z,date_only,2026-09-14T19:34:10Z,https://bmo.wd3.myworkdayjobs.com/Privileged/job/Toronto-ON-CAN/Quantitative-Developer--Alpha-Research-Team----GAM--Summer-2027--Co-op-Internship----12-months_R260026715-2
workday:cc:/job/London/Internship---Cyber-Transformation-Officer-GISEC_JOBREQ00115118,Chanel,Internship - Cyber Transformation Officer GISEC,Not stated,True,,Internship,,Security,London,IEC countries,unknown,6,,,2026-09-14T00:00:00Z,date_only,2026-09-22T01:54:52Z,https://cc.wd3.myworkdayjobs.com/ChanelCareers/job/London/Internship---Cyber-Transformation-Officer-GISEC_JOBREQ00115118
workday:db:/job/Milano-Bicocca-Calendario-3/Internship-Innovation-and-AI---Cards-Issuing-and-Acquiring---Milano--f-m-x-_R0449341,Deutsche Bank,Internship Innovation and AI - Cards Issuing and Acquiring - Milano (f/m/x),Not stated,True,,Internship,,Data & ML/AI,Milano Bicocca Calendario 3,IEC countries,unknown,,,,2026-09-14T00:00:00Z,date_only,2026-09-22T01:54:52Z,https://db.wd3.myworkdayjobs.com/DBWebsite/job/Milano-Bicocca-Calendario-3/Internship-Innovation-and-AI---Cards-Issuing-and-Acquiring---Milano--f-m-x-_R0449341
workday:nvidia:/job/Taiwan-Taipei/Linux-for-Edge-System-Software-Engineer--RDSS-intern-_JR2023971,NVIDIA,Linux for Edge System Software Engineer (RDSS intern),Not stated,True,,Internship,,Software,"Taiwan, Taipei",IEC countries,unknown,1526,,Linux; C++; Bash,2026-09-14T00:00:00Z,date_only,2026-09-22T01:54:52Z,https://nvidia.wd5.myworkdayjobs.com/NVIDIAExternalCareerSite/job/Taiwan-Taipei/Linux-for-Edge-System-Software-Engineer--RDSS-intern-_JR2023971
amazon:amazon:10538066,Amazon,"ML Systems Software Development Engineer Intern, Annapurna Labs - 2027",Summer 2027,False,,Internship,,Data & ML/AI,"Toronto, International",Canada,unknown,23139,,Python; C++; TypeScript; PyTorch; React; AWS,2026-09-11T00:00:00Z,date_only,2026-09-11T22:42:01Z,https://www.amazon.jobs/en/jobs/10538066/ml-systems-software-development-engineer-intern-annapurna-labs-2027
greenhouse:lyft:8767534002,Lyft,"Software Engineer Intern, Test Automation (Summer 2027)",Summer 2027,False,,Internship,,Software,"Montreal, Canada",Canada,unknown,348,$34–$36/hr,,2026-09-11T12:49:13-04:00,exact,2026-09-11T17:26:58Z,https://app.careerpuck.com/job-board/lyft/job/8767534002?gh_jid=8767534002
greenhouse:lyft:8767697002,Lyft,"Data Science Intern, Algorithms (Summer 2027 - Toronto)",Summer 2027,False,,Internship,,Data & ML/AI,"Toronto, Canada",Canada,unknown,348,$48/hr,Python; SQL; PyTorch; TensorFlow; scikit-learn,2026-09-11T12:48:11-04:00,exact,2026-09-11T17:26:58Z,https://app.careerpuck.com/job-board/lyft/job/8767697002?gh_jid=8767697002
greenhouse:lyft:8767710002,Lyft,"Software Engineer Intern, Backend (Summer 2027 - Toronto)",Summer 2027,False,,Internship,,Software,"Toronto, Canada",Canada,unknown,348,$45/hr,,2026-09-11T12:48:00-04:00,exact,2026-09-11T17:26:58Z,https://app.careerpuck.com/job-board/lyft/job/8767710002?gh_jid=8767710002
greenhouse:lyft:8796054002,Lyft,"Software Engineer Intern, Backend (Summer 2027 - Montreal)",Summer 2027,False,,Internship,,Software,"Montreal, Canada",Canada,unknown,348,$34–$36/hr,,2026-09-11T12:49:30-04:00,exact,2026-09-11T17:26:58Z,https://app.careerpuck.com/job-board/lyft/job/8796054002?gh_jid=8796054002
greenhouse:lyft:8797069002,Lyft,UX Research Intern (Summer 2027),Summer 2027,False,,Internship,,Design,"Toronto, Canada",Canada,unknown,348,$48/hr,SQL,2026-09-11T13:50:25-04:00,exact,2026-09-11T20:18:09Z,https://app.careerpuck.com/job-board/lyft/job/8797069002?gh_jid=8797069002
greenhouse:lyft:8797376002,Lyft,Data Engineer Intern (Summer 2027),Summer 2027,False,,Internship,,Data & ML/AI,"Toronto, Canada",Canada,unknown,348,$45/hr,SQL,2026-09-11T12:48:58-04:00,exact,2026-09-11T17:26:58Z,https://app.careerpuck.com/job-board/lyft/job/8797376002?gh_jid=8797376002
greenhouse:lyft:8797859002,Lyft,"Software Engineer Intern, Fullstack (Summer 2027 - Toronto)",Summer 2027,False,,Internship,,Software,"Toronto, Canada",Canada,unknown,348,$45/hr,Python; TypeScript; JavaScript; React; HTML/CSS; Linux; Git,2026-09-11T12:48:36-04:00,exact,2026-09-11T17:26:58Z,https://app.careerpuck.com/job-board/lyft/job/8797859002?gh_jid=8797859002
greenhouse:lyft:8802332002,Lyft,"Software Engineer Intern, Machine Learning (Summer 2027 - Toronto)",Summer 2027,False,,Internship,,Data & ML/AI,"Toronto, Canada",Canada,unknown,348,$53/hr,Python; PyTorch; TensorFlow; scikit-learn,2026-09-11T15:58:05-04:00,exact,2026-09-11T20:18:09Z,https://app.careerpuck.com/job-board/lyft/job/8802332002?gh_jid=8802332002
oracle:ehth.fa.em2.oraclecloud.com:15037,Garrett Motion,International Internship Czech Republic 2027- AI in Embedded SW development,Summer 2027,False,,Internship,,Data & ML/AI,"BRNO MĚSTO, Czech Republic",IEC countries,unknown,,,Python; MATLAB,2026-09-11,date_only,2026-09-22T01:54:52Z,https://ehth.fa.em2.oraclecloud.com/hcmUI/CandidateExperience/en/sites/CX_2001/job/15037
oracle:fa-evmr-saasfaprod1.fa.ocs.oraclecloud.com:40280,Nokia,AI Software Engineer – Intern,Not stated,True,,Internship,,Data & ML/AI,Italy,IEC countries,unknown,,,Python; Java; C#; SQL; LLMs; .NET; Azure; Git,2026-09-11,date_only,2026-09-22T01:54:52Z,https://fa-evmr-saasfaprod1.fa.ocs.oraclecloud.com/hcmUI/CandidateExperience/en/sites/CX_1/job/40280
oracle:hdsn.fa.us6.oraclecloud.com:2948,American Tower,Internship - AI Project Coordinator (6 months),Not stated,True,,Internship,,Data & ML/AI,"Bagneux, France",IEC countries,unknown,24,,,2026-09-11,date_only,2026-09-22T01:54:52Z,https://hdsn.fa.us6.oraclecloud.com/hcmUI/CandidateExperience/en/sites/CX_1/job/2948
smartrecruiters:AristaNetworks:744000149101159,Arista Networks,Intern Software Engineer - C/C++,Not stated,True,,Internship,yes,Software,"Poland - Remote, International (PL) (Remote)",IEC countries,unknown,182,,C++; Python; Linux; Git,2026-09-11T20:06:57.121Z,exact,2026-09-22T01:54:52Z,https://jobs.smartrecruiters.com/AristaNetworks/744000149101159
smartrecruiters:BoschGroup:744000148960754,Bosch,Extracurricular Internship: AI & Automation Development (f/m/div.),Not stated,True,,Internship,,Data & ML/AI,"Aveiro, International (PT)",IEC countries,unknown,188,,Python; LLMs,2026-09-11T08:58:37.344Z,exact,2026-09-22T01:54:52Z,https://jobs.smartrecruiters.com/BoschGroup/744000148960754
smartrecruiters:BoschGroup:744000148964769,Bosch,Extracurricular Internship: Infrastructure & DevOps Engineer (f/m/div.),Not stated,True,,Internship,,Software,"Aveiro, International (PT) (Hybrid)",IEC countries,unknown,188,,Terraform; Git,2026-09-11T09:01:31.076Z,exact,2026-09-22T01:54:52Z,https://jobs.smartrecruiters.com/BoschGroup/744000148964769
smartrecruiters:BoschGroup:744000148966469,Bosch,Extracurricular Internship: Gateway Firmware Engineer (f/m/div.),Not stated,True,,Internship,,Hardware,"Aveiro, International (PT) (Hybrid)",IEC countries,unknown,188,,C++,2026-09-11T09:12:04.315Z,exact,2026-09-22T01:54:52Z,https://jobs.smartrecruiters.com/BoschGroup/744000148966469
smartrecruiters:BoschGroup:744000148968029,Bosch,Extracurricular Internship: UX/UI Designer (f/m/div.),Not stated,True,,Internship,,Design,"Aveiro, International (PT)",IEC countries,unknown,188,,,2026-09-11T09:17:47.071Z,exact,2026-09-22T01:54:52Z,https://jobs.smartrecruiters.com/BoschGroup/744000148968029
smartrecruiters:Sia:744000148977039,Sia Partners,Final year internship - DevOps / Platform Engineer,Not stated,True,,Internship,,Software,"Paris, IDF, International (FR)",IEC countries,unknown,,,Python; AWS; GCP; Azure; Kubernetes; Docker; Terraform,2026-09-11T09:53:38.387Z,exact,2026-09-22T01:54:52Z,https://jobs.smartrecruiters.com/Sia/744000148977039
smartrecruiters:Sia:744000148980099,Sia Partners,Final Year Internship Consultant - Data Analyst,Not stated,True,,Internship,,Data & ML/AI,"Paris, IDF, International (FR)",IEC countries,unknown,,,Python; SQL; Tableau,2026-09-11T10:06:32.043Z,exact,2026-09-22T01:54:52Z,https://jobs.smartrecruiters.com/Sia/744000148980099
smartrecruiters:TTP1:744000149038758,TTP,Summer Internship - Software Engineering Consultant - 2027,Summer 2027,False,,Internship,,Software,"Melbourn, England, United Kingdom",IEC countries,unknown,,,,2026-09-11T14:23:13.029Z,exact,2026-09-22T01:54:52Z,https://jobs.smartrecruiters.com/TTP1/744000149038758
workable:fifty-five:D8F4443694,Fifty-Five,Data Science Consultant Intern (H/F),Not stated,True,,Internship,,Data & ML/AI,"Paris, Île-de-France, France",IEC countries,unknown,,,SQL; Tableau,2026-09-11T00:00:00.000Z,date_only,2026-09-22T01:54:52Z,https://apply.workable.com/fifty-five/j/D8F4443694/
workday:astrazeneca:/job/Canada---Mississauga/Data---Ai-Solutions-Intern_R-259890,AstraZeneca,Data & Ai Solutions Intern,Not stated,True,,Internship,,Data & ML/AI,Canada - Mississauga,Canada,unknown,,,Python; SQL; LLMs; AWS; Spark; Airflow; dbt,2026-09-11T00:00:00Z,date_only,2026-09-11T20:18:09Z,https://astrazeneca.wd3.myworkdayjobs.com/Careers/job/Canada---Mississauga/Data---Ai-Solutions-Intern_R-259890
workday:micron:/job/Vimercate-MB-Italy/INTERNSHIP---NAND-Cell-Characterization---AI-Tools_JR111212,Micron Technology,INTERNSHIP - NAND Cell Characterization & AI Tools,Not stated,True,,Internship,,Data & ML/AI,"Vimercate (MB), Italy",Canada,unknown,489,,Python; C++; LLMs,2026-09-11T00:00:00Z,date_only,2026-09-11T13:47:45Z,https://micron.wd1.myworkdayjobs.com/External/job/Vimercate-MB-Italy/INTERNSHIP---NAND-Cell-Characterization---AI-Tools_JR111212
ashby:sentry:fa522ac5-fc9f-4ce1-a191-842496a235a2,Sentry,"Software Engineer, Intern (Summer 2027)",Summer 2027,False,,Internship,,Software,"Vienna, Austria",IEC countries,unknown,10,"€2,800 – €3,285 per month",Python; JavaScript; AWS; Git,2026-09-10T15:39:22.153+00:00,exact,2026-09-22T01:54:52Z,https://jobs.ashbyhq.com/sentry/fa522ac5-fc9f-4ce1-a191-842496a235a2
greenhouse:artefactlinkedin:8795538002,Artefact,Intern Data Analyst - Paris,Not stated,True,,Internship,,Data & ML/AI,"9th arrondissement of Paris, 75009, Paris, France",IEC countries,unknown,,,Python; SQL; Pandas; AWS; GCP; Azure; Tableau,2026-09-10T11:43:21-04:00,exact,2026-09-28T12:17:29Z,https://job-boards.greenhouse.io/artefactlinkedin/jobs/8795538002
greenhouse:celonis:7990983003,Celonis,Intern Deployment Engineer - Data & AI,Not stated,True,,Internship,,Data & ML/AI,"Munich, Germany",IEC countries,unknown,14,,Python; SQL,2026-09-10T06:50:36-04:00,exact,2026-09-22T01:54:52Z,https://job-boards.greenhouse.io/celonis/jobs/7990983003?gh_jid=7990983003
smartrecruiters:RedBull:744000148756269,Red Bull,Internship Data Science,Not stated,True,,Internship,,Data & ML/AI,"Elsbethen, Salzburg, International (AT)",IEC countries,unknown,,,Python; SQL; Snowflake,2026-09-10T12:01:41.096Z,exact,2026-09-22T01:54:52Z,https://jobs.smartrecruiters.com/RedBull/744000148756269
workday:astrazeneca:/job/Canada---Mississauga/AI-Solutions---Automation-Intern_R-259241,AstraZeneca,AI Solutions & Automation Intern,Not stated,True,,Internship,,Data & ML/AI,Canada - Mississauga,Canada,unknown,,,LLMs,2026-09-10T00:00:00Z,date_only,2026-09-10T16:38:09Z,https://astrazeneca.wd3.myworkdayjobs.com/Careers/job/Canada---Mississauga/AI-Solutions---Automation-Intern_R-259241
workday:motorolasolutions:/job/Krakow-Poland/Intern-Software-Developer--C--_R67818,Motorola,Intern Software Developer (C#),Not stated,True,,Internship,,Software,"Krakow, Poland",IEC countries,unknown,,,C#; SQL; .NET; Azure,2026-09-10T00:00:00Z,date_only,2026-09-22T01:54:52Z,https://motorolasolutions.wd5.myworkdayjobs.com/Careers/job/Krakow-Poland/Intern-Software-Developer--C--_R67818
workday:motorolasolutions:/job/Krakow-Poland/Intern-Software-Developer--Java-_R68285,Motorola,Intern Software Developer (Java),Not stated,True,,Internship,,Software,"Krakow, Poland",IEC countries,unknown,,,Java; Bash; Linux; Git,2026-09-10T00:00:00Z,date_only,2026-09-22T01:54:52Z,https://motorolasolutions.wd5.myworkdayjobs.com/Careers/job/Krakow-Poland/Intern-Software-Developer--Java-_R68285
workday:phinia:/job/Cinisello---Italy/HRIS-Intern---Workday---AI-Agent-Deployment_R2026-0579,PHINIA,HRIS Intern – Workday & AI Agent Deployment,Not stated,True,,Internship,,Data & ML/AI,Cinisello - Italy,IEC countries,offers,,,,2026-09-10T00:00:00Z,date_only,2026-09-22T01:54:52Z,https://phinia.wd5.myworkdayjobs.com/PHINIA_Careers/job/Cinisello---Italy/HRIS-Intern---Workday---AI-Agent-Deployment_R2026-0579
workday:tencent:/job/United-Kingdom-London/Cyber-Security-Intern_R108126,Tencent,Cyber Security Intern,Not stated,True,,Internship,,Security,United Kingdom-London,IEC countries,unknown,,,Python; AWS; GCP; Azure,2026-09-10T00:00:00Z,date_only,2026-09-22T01:54:52Z,https://tencent.wd1.myworkdayjobs.com/Tencent_Careers/job/United-Kingdom-London/Cyber-Security-Intern_R108126
workday:zeissgroup:/job/Karlsruhe/Internship---Physical-AI-for-Surgical-Robotics--f-m-x-_JR_1052834,Zeiss,Internship – Physical AI for Surgical Robotics (f/m/x),Not stated,True,,Internship,,Data & ML/AI,Karlsruhe,IEC countries,unknown,,,Python; PyTorch; Computer Vision,2026-09-10T00:00:00Z,date_only,2026-09-22T01:54:52Z,https://zeissgroup.wd3.myworkdayjobs.com/External/job/Karlsruhe/Internship---Physical-AI-for-Surgical-Robotics--f-m-x-_JR_1052834
amazon:amazon:10535280,Amazon,"Software Development Engineer Intern, ROBOTICS - 2027",Summer 2027,False,,Internship,,Hardware,"Toronto, International",Canada,unknown,23139,,Python; Java; C++; C#; Rust; TypeScript; SQL; LLMs,2026-09-09T00:00:00Z,date_only,2026-09-09T21:22:50Z,https://www.amazon.jobs/en/jobs/10535280/software-development-engineer-intern-robotics-2027
greenhouse:celonis:7986192003,Celonis,AI & Management Consulting Intern (Value Engineering - UKI Market),Not stated,True,,Internship,,Data & ML/AI,"London, United Kingdom",IEC countries,unknown,14,,Python; SQL; LLMs,2026-09-09T04:25:50-04:00,exact,2026-09-22T01:54:52Z,https://job-boards.greenhouse.io/celonis/jobs/7986192003?gh_jid=7986192003
workable:fasanara:FC82BCC5C5,Fasanara,Quant Trading Intern,Not stated,True,,Internship,,Quant,"London, England, United Kingdom",IEC countries,unknown,,,Python; SQL,2026-09-09T00:00:00.000Z,date_only,2026-09-22T01:54:52Z,https://apply.workable.com/fasanara/j/FC82BCC5C5/
workday:ecolab:/job/CHL---Region-Metropolitana-de-Santiago---Santiago/Intern-Data-Science---Alumnos-as-Regulares-de-ltimo-s-ao-s-de-carrera_R00301332,Ecolab,Intern Data Science - Alumnos/as Regulares de último/s año/s de carrera,Not stated,True,,Internship,,Data & ML/AI,CHL - Region Metropolitana de Santiago - Santiago,IEC countries,unknown,6,,,2026-09-09T00:00:00Z,date_only,2026-09-22T01:54:52Z,https://ecolab.wd1.myworkdayjobs.com/ecolab_external/job/CHL---Region-Metropolitana-de-Santiago---Santiago/Intern-Data-Science---Alumnos-as-Regulares-de-ltimo-s-ao-s-de-carrera_R00301332
workday:zeissgroup:/job/Karlsruhe/Internship---AI-for-Neural-Signal-Processing-in-Healthcare-Innovation--f-m-x-_JR_1052727-1,Zeiss,Internship – AI for Neural Signal Processing in Healthcare Innovation (f/m/x),Not stated,True,,Internship,,Data & ML/AI,Karlsruhe,IEC countries,unknown,,,Python; C++; PyTorch; Azure,2026-09-09T00:00:00Z,date_only,2026-09-22T01:54:52Z,https://zeissgroup.wd3.myworkdayjobs.com/External/job/Karlsruhe/Internship---AI-for-Neural-Signal-Processing-in-Healthcare-Innovation--f-m-x-_JR_1052727-1
ashby:talos-trading:d6d0c99a-f281-4efe-89c4-026f7f5edc2b,Talos,Quantitative Analyst Intern,Summer 2027,False,,Internship,,Quant,"London, NYC",IEC countries,unknown,,$50 per hour,Python; SQL; Pandas; Git,2026-09-08T18:49:14.877+00:00,exact,2026-09-25T17:23:05Z,https://jobs.ashbyhq.com/talos-trading/d6d0c99a-f281-4efe-89c4-026f7f5edc2b
greenhouse:artefactlinkedin:8785636002,Artefact,Data Scientist Intern - Paris,Not stated,True,,Internship,,Data & ML/AI,"9th arrondissement of Paris, 75009, Paris, France",IEC countries,unknown,,,AWS; GCP; Azure,2026-09-08T04:14:27-04:00,exact,2026-09-22T20:45:48Z,https://job-boards.greenhouse.io/artefactlinkedin/jobs/8785636002
greenhouse:datadog:8114186,Datadog,Software Engineering Intern,Summer 2027,False,,Internship,,Software,"Paris, France",IEC countries,unknown,62,,Kubernetes,2026-09-08T10:06:46-04:00,exact,2026-09-22T01:54:52Z,https://careers.datadoghq.com/detail/8114186/?gh_jid=8114186
greenhouse:datadog:8143729,Datadog,Product Management Intern,Summer 2027,False,,Internship,,PM,"Paris, France",IEC countries,unknown,62,,,2026-09-08T09:57:39-04:00,exact,2026-09-22T01:54:52Z,https://careers.datadoghq.com/detail/8143729/?gh_jid=8143729
greenhouse:schonfeld:8187178,Schonfeld,2027 DMFI Quant Research Intern,Summer 2027,False,,Internship,,Quant,"London, England, United Kingdom",IEC countries,unknown,,,Python; C++; C#; Rust,2026-09-08T17:50:50-04:00,exact,2026-09-22T01:54:52Z,https://job-boards.greenhouse.io/schonfeld/jobs/8187178
oracle:eofe.fa.us2.oraclecloud.com:81922,BNY,2027 BNY Summer Internship Program - Product Management (London),Summer 2027,False,,Internship,,PM,"London, United Kingdom",IEC countries,unknown,,,,2026-09-08,date_only,2026-09-22T01:54:52Z,https://eofe.fa.us2.oraclecloud.com/hcmUI/CandidateExperience/en/sites/CX_1001/job/81922
greenhouse:auctane:7977819003,Auctane,CyberSecurity - Interns,Not stated,True,,Internship,,Security,"Wrocław, PL",IEC countries,unknown,,,Python; Bash; Linux,2026-09-07T13:19:03-04:00,exact,2026-09-22T01:54:52Z,https://job-boards.greenhouse.io/auctane/jobs/7977819003
oracle:ebcs.fa.em2.oraclecloud.com:43788,Arcadis,Summer Intern - Process Engineer APM,Not stated,True,,Internship,,PM,"Dublin, Dublin, Ireland; Cork, Munster, Ireland, International (IE)",IEC countries,unknown,,,,2026-09-07,date_only,2026-09-22T01:54:52Z,https://ebcs.fa.em2.oraclecloud.com/hcmUI/CandidateExperience/en/sites/CX_1/job/43788
oracle:ebcs.fa.em2.oraclecloud.com:43791,Arcadis,Summer Intern - Instrumentation Engineer APM,Not stated,True,,Internship,,PM,"Cork, Munster, Ireland",IEC countries,unknown,,,,2026-09-07,date_only,2026-09-22T01:54:52Z,https://ebcs.fa.em2.oraclecloud.com/hcmUI/CandidateExperience/en/sites/CX_1/job/43791
oracle:jpmc.fa.oraclecloud.com:210788659,JPMorganChase,2027 Quantitative Research Markets Analyst Program – Off-Cycle Internship – London,Summer 2027,False,,Internship,,Quant,"LONDON, LONDON, United Kingdom",IEC countries,unknown,4656,,Python; C++,2026-09-07,date_only,2026-09-22T01:54:52Z,https://jpmc.fa.oraclecloud.com/hcmUI/CandidateExperience/en/sites/CX_1/job/210788659
workday:entrust:/job/Canada---Ottawa/Intern---Software-Developer---8-months-Hybrid-in-Ottawa_R004358,Entrust,Intern - Software Developer - 8 months Hybrid in Ottawa,Not stated,True,,Internship,,Software,Canada - Ottawa,Canada,unknown,6,$23–$28/hr,React; Angular; Spring; AWS; GCP; Azure; Kubernetes; Docker,2026-09-07T00:00:00Z,date_only,2026-09-09T18:17:09Z,https://entrust.wd1.myworkdayjobs.com/entrustcareers/job/Canada---Ottawa/Intern---Software-Developer---8-months-Hybrid-in-Ottawa_R004358
workday:rakuten:/job/Dublin-Ireland/Software-Developer-Intern--Dublin-_1037090-1,Kobo,Software Developer Intern (Dublin),Not stated,True,,Internship,,Software,"Dublin, Ireland",IEC countries,unknown,,,Java; C#; JavaScript; SQL; React; HTML/CSS; Git,2026-09-07T00:00:00Z,date_only,2026-09-22T01:54:52Z,https://rakuten.wd1.myworkdayjobs.com/Kobo/job/Dublin-Ireland/Software-Developer-Intern--Dublin-_1037090-1
ashby:sereact:7549093b-0918-4136-ac47-81063ded166d,Sereact,Product Manager Intern (m/f/d),Not stated,True,,Internship,,PM,Stuttgart Schockenriedstr. 17,IEC countries,unknown,,,ROS,2026-09-04T17:23:31.315+00:00,exact,2026-09-22T01:54:52Z,https://jobs.ashbyhq.com/sereact/7549093b-0918-4136-ac47-81063ded166d
greenhouse:brave:8161945,Brave,Software Engineering Intern - Waterloo University,Not stated,True,,Internship,,Software,Canada,Canada,unknown,,,Python; C++; Rust; TypeScript; JavaScript; LLMs; HTML/CSS; Kubernetes,2026-09-04T13:16:41-04:00,exact,2026-09-09T18:17:09Z,https://job-boards.greenhouse.io/brave/jobs/8161945
smartrecruiters:BoschGroup:744000147479999,Bosch,ETAS - Curricular Internship for Thesis | Optimizing AUTOSAR Code Generation for Resource-Constrained Embedded Architectures,Not stated,True,,Internship,,Software,"Torino, Piemonte, International (IT) (Hybrid)",IEC countries,unknown,188,,,2026-09-04T10:48:36.687Z,exact,2026-09-22T01:54:52Z,https://jobs.smartrecruiters.com/BoschGroup/744000147479999
workday:pwc:/job/Ottawa/May-2027---Cyber-as-a-Service---Summer-Intern---Ottawa_759780WD,PricewaterhouseCoopers (PwC),May 2027 - Cyber as a Service - Summer Intern - Ottawa,Summer 2027,False,,Internship,,Security,Ottawa,Canada,unknown,,,Python; Java; C++; HTML/CSS; Azure,2026-09-04T00:00:00Z,date_only,2026-09-09T18:17:09Z,https://pwc.wd3.myworkdayjobs.com/Global_Campus_Careers/job/Ottawa/May-2027---Cyber-as-a-Service---Summer-Intern---Ottawa_759780WD
smartrecruiters:BoschGroup:744000147258159,Bosch,Paid internship - UX/UI Designer (f/m),Not stated,True,,Internship,,Design,"Warszawa, Województwo mazowieckie, International (PL) (Hybrid)",IEC countries,unknown,188,,,2026-09-03T13:41:38.464Z,exact,2026-09-22T01:54:52Z,https://jobs.smartrecruiters.com/BoschGroup/744000147258159
ashby:perplexity:b9e1ff15-d52a-46d5-abf0-26460f2a116c,Perplexity AI,Internship - Machine Learning Research Engineer,Not stated,True,,Internship,,Data & ML/AI,Berlin,IEC countries,unknown,,,PyTorch,2026-09-02T10:35:02.552+00:00,exact,2026-09-22T01:54:52Z,https://jobs.ashbyhq.com/perplexity/b9e1ff15-d52a-46d5-abf0-26460f2a116c
greenhouse:mwinternshipprogram:8772688002,Marshall Wace,Quant Research Intern - London - 2027,Summer 2027,False,,Internship,,Quant,London,IEC countries,unknown,,,Python; MATLAB,2026-09-02T10:46:03-04:00,exact,2026-09-22T01:54:52Z,https://job-boards.greenhouse.io/mwinternshipprogram/jobs/8772688002
smartrecruiters:Sia:744000146907409,Sia Partners,Final Year Internship Consultant - Cybersecurity,Not stated,True,,Internship,,Security,"Paris, IDF, International (FR)",IEC countries,unknown,,,,2026-09-02T07:19:19.493Z,exact,2026-09-22T01:54:52Z,https://jobs.smartrecruiters.com/Sia/744000146907409
workday:abb:/job/Genova-Genova-Italy/Internship---Cybersecurity-for-OT-Systems_JR00042894,ABB,Internship - OT Cybersecurity,Not stated,True,,Internship,,Security,"Genova, Genova, Italy",IEC countries,unknown,69,,Linux,2026-09-02T00:00:00Z,date_only,2026-09-22T01:54:52Z,https://abb.wd3.myworkdayjobs.com/external_career_page/job/Genova-Genova-Italy/Internship---Cybersecurity-for-OT-Systems_JR00042894
workday:thales:/job/Madrid/Software-Engineering-Intern_R0336381-1,Thales,Software Engineering Intern,Not stated,True,,Internship,,Software,Madrid,IEC countries,unknown,,,Java; C#; TypeScript; JavaScript,2026-09-02T00:00:00Z,date_only,2026-09-22T01:54:52Z,https://thales.wd3.myworkdayjobs.com/careers/job/Madrid/Software-Engineering-Intern_R0336381-1
greenhouse:mavensecuritiesholdingltd:7806987,Maven Securities,Software Developer Summer Internship London 2027,Summer 2027,False,,Internship,,Software,London,IEC countries,unknown,,,Python; C++; C#; TypeScript,2026-09-01T03:00:00-04:00,exact,2026-09-22T01:54:52Z,https://job-boards.greenhouse.io/mavensecuritiesholdingltd/jobs/7806987
greenhouse:towerresearchcapital:8037860,Tower Research Capital,Quantitative Trader/Researcher Summer Internship 2027 (2028 Graduates),Summer 2027,False,,Internship,,Quant,London,IEC countries,unknown,38,,Python; C++,2026-09-01T11:43:37-04:00,exact,2026-09-22T01:54:52Z,https://www.tower-research.com/open-positions/?gh_jid=8037860
greenhouse:towerresearchcapital:8168750,Tower Research Capital,"Quantitative Researcher Intern, Bachelor's or Master's",Not stated,True,,Internship,,Quant,"Singapore, Hong Kong, Shanghai, Sydney",IEC countries,unknown,38,,Python; C++; Linux,2026-09-01T00:09:32-04:00,exact,2026-09-22T01:54:52Z,https://www.tower-research.com/open-positions/?gh_jid=8168750
workable:twgai:1206BF981C,TWG Global,AI Data Science Intern (UK),Not stated,True,,Internship,yes,Data & ML/AI,"London, England, United Kingdom (Remote)",IEC countries,unknown,,,Python; PyTorch; TensorFlow; scikit-learn; Pandas; LLMs; AWS; GCP,2026-09-01T00:00:00.000Z,date_only,2026-09-28T12:17:29Z,https://apply.workable.com/twgai/j/1206BF981C/
workday:nvidia:/job/Taiwan-Taipei/Developer-Technology-Engineering-Intern--HPC-and-AI---2027_JR2024509,NVIDIA,"Developer Technology Engineering Intern, HPC and AI - 2027",Summer 2027,False,,Internship,,Data & ML/AI,"Taiwan, Taipei",IEC countries,unknown,1526,,C++; CUDA,2026-09-01T00:00:00Z,date_only,2026-09-22T01:54:52Z,https://nvidia.wd5.myworkdayjobs.com/NVIDIAExternalCareerSite/job/Taiwan-Taipei/Developer-Technology-Engineering-Intern--HPC-and-AI---2027_JR2024509
workday:pimco:/job/London-GBR/XMLNAME-2027-Summer-Intern---Client-Solutions---Analytics-Strategist--London--MBA-_R106804,PIMCO,"2027 Summer Intern - Client Solutions & Analytics Quantitative Research Analyst (MFE), London",Summer 2027,False,,Internship,,Quant,"London, GBR",IEC countries,unknown,42,,Python; MATLAB,2026-09-01T00:00:00Z,date_only,2026-09-22T01:54:52Z,https://pimco.wd1.myworkdayjobs.com/pimco-careers/job/London-GBR/XMLNAME-2027-Summer-Intern---Client-Solutions---Analytics-Strategist--London--MBA-_R106804
ashby:pluralis-research:8860e7ec-90f0-4fc8-bd83-90063137ec45,Pluralis Research,Research Engineer Intern,Not stated,True,,Internship,,Software,Australia,IEC countries,unknown,,,Python; PyTorch; AWS; GCP,2026-08-31T22:13:22.788+00:00,exact,2026-09-22T01:54:52Z,https://jobs.ashbyhq.com/pluralis-research/8860e7ec-90f0-4fc8-bd83-90063137ec45
greenhouse:stripe:8130805,Stripe,"Software Engineer, Intern (Summer or Winter)",Not stated,True,,Internship,,Software,Toronto,Canada,unknown,441,,Java; JavaScript; Scala; Ruby,2026-08-31T19:21:48-04:00,exact,2026-09-03T19:49:36Z,https://stripe.com/jobs/search?gh_jid=8130805
greenhouse:stripe:8130867,Stripe,"Software Engineer, Intern",Not stated,True,,Internship,,Software,London,IEC countries,unknown,441,,Java; JavaScript; Scala; Ruby,2026-08-31T18:30:38-04:00,exact,2026-09-22T01:54:52Z,https://stripe.com/jobs/search?gh_jid=8130867
oracle:jpmc.fa.oraclecloud.com:210774716,JPMorganChase,"2027 Software Engineer Program - Summer Internship - Glasgow, London",Summer 2027,False,,Internship,,Software,"LONDON, LONDON, United Kingdom; GLASGOW, LANARKSHIRE, United Kingdom",IEC countries,unknown,4656,,,2026-08-31,date_only,2026-09-22T01:54:52Z,https://jpmc.fa.oraclecloud.com/hcmUI/CandidateExperience/en/sites/CX_1/job/210774716
oracle:jpmc.fa.oraclecloud.com:210774745,JPMorganChase,"2027 Data & AI - Summer Internship -  Glasgow, London",Summer 2027,False,,Internship,,Data & ML/AI,"LONDON, LONDON, United Kingdom; GLASGOW, LANARKSHIRE, United Kingdom",IEC countries,unknown,4656,,Python; SQL; LLMs; AWS; Databricks; Snowflake,2026-08-31,date_only,2026-09-22T01:54:52Z,https://jpmc.fa.oraclecloud.com/hcmUI/CandidateExperience/en/sites/CX_1/job/210774745
oracle:jpmc.fa.oraclecloud.com:210774813,JPMorganChase,2027 Software Engineer Immersion Program - Summer Internship - Glasgow,Summer 2027,False,,Internship,,Software,"GLASGOW, LANARKSHIRE, United Kingdom",IEC countries,unknown,4656,,,2026-08-31,date_only,2026-09-22T01:54:52Z,https://jpmc.fa.oraclecloud.com/hcmUI/CandidateExperience/en/sites/CX_1/job/210774813
oracle:jpmc.fa.oraclecloud.com:210775780,JPMorganChase,2027 Quantitative Research Markets Associate Program – Off-Cycle Internship – London,Summer 2027,False,,Internship,,Quant,"LONDON, LONDON, United Kingdom",IEC countries,unknown,4656,,Python; C++,2026-08-31,date_only,2026-09-22T01:54:52Z,https://jpmc.fa.oraclecloud.com/hcmUI/CandidateExperience/en/sites/CX_1/job/210775780
oracle:jpmc.fa.oraclecloud.com:210776172,JPMorganChase,2027 Software Engineer Program - Summer Internship - Dublin,Summer 2027,False,,Internship,,Software,"Dublin, Ireland",IEC countries,unknown,4656,,,2026-08-31,date_only,2026-09-22T01:54:52Z,https://jpmc.fa.oraclecloud.com/hcmUI/CandidateExperience/en/sites/CX_1/job/210776172
workday:fticonsulting:/job/Paris-France/XMLNAME-2027-Intern--Forensic---Litigation-Consulting--Cyber_JR260757,FTI Consulting,"2027 Intern, Forensic & Litigation Consulting, Cyber",Summer 2027,False,,Internship,,Security,"Paris, France",IEC countries,unknown,4,,,2026-08-31T00:00:00Z,date_only,2026-09-22T01:54:52Z,https://fticonsulting.wd108.myworkdayjobs.com/FTIConsultingCareers/job/Paris-France/XMLNAME-2027-Intern--Forensic---Litigation-Consulting--Cyber_JR260757
workday:manulife:/job/Toronto-Ontario/Summer-Intern-2027---AI_JR26081688,Manulife Financial,Summer Intern 2027 - AI,Summer 2027,False,,Internship,,Data & ML/AI,"Toronto, Ontario",Canada,unknown,,,Python; Java; SQL; PyTorch; scikit-learn; LLMs; HTML/CSS; AWS,2026-08-31T00:00:00Z,date_only,2026-09-03T19:49:36Z,https://manulife.wd3.myworkdayjobs.com/MFCJH_Jobs/job/Toronto-Ontario/Summer-Intern-2027---AI_JR26081688
workday:manulife:/job/Toronto-Ontario/Summer-Intern-2027---Software-Engineering--8-Months-_JR26081685,Manulife Financial,Summer Intern 2027 - Software Engineering (8 Months),Summer 2027,False,,Internship,,Software,"Toronto, Ontario",Canada,unknown,,,Python; Java; JavaScript; HTML/CSS; Git,2026-08-31T00:00:00Z,date_only,2026-09-03T19:49:36Z,https://manulife.wd3.myworkdayjobs.com/MFCJH_Jobs/job/Toronto-Ontario/Summer-Intern-2027---Software-Engineering--8-Months-_JR26081685
workday:manulife:/job/Toronto-Ontario/Summer-Intern-2027---Software-Engineering_JR26081684,Manulife Financial,Summer Intern 2027 - Software Engineering,Summer 2027,False,,Internship,,Software,"Toronto, Ontario",Canada,unknown,,,Python; Java; JavaScript; HTML/CSS; Git,2026-08-31T00:00:00Z,date_only,2026-09-03T19:49:36Z,https://manulife.wd3.myworkdayjobs.com/MFCJH_Jobs/job/Toronto-Ontario/Summer-Intern-2027---Software-Engineering_JR26081684
workday:manulife:/job/Toronto-Ontario/XMLNAME-2027-Canada-Summer-Co-op---Quantitative-Analyst_JR26080358,Manulife Financial,Summer Intern 2027 - Quantitative Analyst,Summer 2027,False,,Internship,,Quant,"Toronto, Ontario",Canada,unknown,,,Python; C++; MATLAB; HTML/CSS,2026-08-31T00:00:00Z,date_only,2026-09-03T19:49:36Z,https://manulife.wd3.myworkdayjobs.com/MFCJH_Jobs/job/Toronto-Ontario/XMLNAME-2027-Canada-Summer-Co-op---Quantitative-Analyst_JR26080358
workday:manulife:/job/Waterloo-Ontario/Summer-Intern-2027---Software-Engineering_JR26081686,Manulife Financial,Summer Intern 2027 - Software Engineering,Summer 2027,False,,Internship,,Software,"Waterloo, Ontario",Canada,unknown,,,Python; Java; JavaScript; HTML/CSS; Git,2026-08-31T00:00:00Z,date_only,2026-09-03T19:49:36Z,https://manulife.wd3.myworkdayjobs.com/MFCJH_Jobs/job/Waterloo-Ontario/Summer-Intern-2027---Software-Engineering_JR26081686
workday:pimco:/job/London-GBR/XMLNAME-2027-Summer-Intern---Product-Analyst--EMEA_R106780,PIMCO,"2027 Summer Intern – Product Analyst, EMEA",Summer 2027,False,,Internship,,PM,"London, GBR",IEC countries,unknown,42,,,2026-08-31T00:00:00Z,date_only,2026-09-22T01:54:52Z,https://pimco.wd1.myworkdayjobs.com/pimco-careers/job/London-GBR/XMLNAME-2027-Summer-Intern---Product-Analyst--EMEA_R106780
workday:pimco:/job/London-GBR/XMLNAME-2027-Summer-Intern---Technology-Analyst--Software-Engineering--EMEA_R106800,PIMCO,"2027 Summer Intern - Technology Analyst, Software Engineering, EMEA",Summer 2027,False,,Internship,,Software,"London, GBR",IEC countries,unknown,42,,Python; Java; C++; C#; SQL,2026-08-31T00:00:00Z,date_only,2026-09-22T01:54:52Z,https://pimco.wd1.myworkdayjobs.com/pimco-careers/job/London-GBR/XMLNAME-2027-Summer-Intern---Technology-Analyst--Software-Engineering--EMEA_R106800
ashby:telus-digital:89730055-fa03-444d-aa05-0058946fa436,TELUS Digital,Data & AI Intern (Brazil) - Year Round 2027,Summer 2027,False,,Internship,,Data & ML/AI,"Porto Alegre, Brazil",IEC countries,unknown,,,Python; SQL; LLMs,2026-08-28T20:44:38.600+00:00,exact,2026-09-22T01:54:52Z,https://jobs.ashbyhq.com/telus-digital/89730055-fa03-444d-aa05-0058946fa436
ashby:telus-digital:98495440-1a32-4c7e-8183-f38beebfd1d0,TELUS Digital,Software Engineering Intern (Brazil) - Year Round 2027,Summer 2027,False,,Internship,,Software,"Porto Alegre, Brazil",IEC countries,unknown,,,,2026-08-28T20:44:18.242+00:00,exact,2026-09-22T01:54:52Z,https://jobs.ashbyhq.com/telus-digital/98495440-1a32-4c7e-8183-f38beebfd1d0
greenhouse:epicgames:6163851004,Epic Games,Web Engineer Intern,Not stated,True,,Internship,,Software,"London,England,United Kingdom",IEC countries,unknown,28,,TypeScript; JavaScript; React; Next.js; Node.js; HTML/CSS; AWS; Kubernetes,2026-08-28T19:29:11-04:00,exact,2026-09-22T01:54:52Z,https://epicgames.com/careers/jobs/6163851004?gh_jid=6163851004
workday:lumentum:/job/Canada---Ottawa-Bill-Leathem/Software-Verification-Engineer--Co-op-Intern-_20261135,Lumentum,Software Verification Engineer (Co-op/Intern),Summer 2027,False,,Internship / Co-op,,Software,Canada - Ottawa (Bill Leathem),Canada,unknown,,$24–$35/hr,Python; C#; Bash; Linux,2026-08-28T00:00:00Z,date_only,2026-09-03T19:49:36Z,https://lumentum.wd5.myworkdayjobs.com/LITE/job/Canada---Ottawa-Bill-Leathem/Software-Verification-Engineer--Co-op-Intern-_20261135
workday:lumentum:/job/Canada---Ottawa-Bill-Leathem/Software-Verification-Engineer--Co-op-Intern-_20261136,Lumentum,Software Verification Engineer (Co-op/Intern),Summer 2027,False,,Internship / Co-op,,Software,Canada - Ottawa (Bill Leathem),Canada,unknown,,$24–$35/hr,Python; C#; Bash; Linux,2026-08-28T00:00:00Z,date_only,2026-09-03T19:49:36Z,https://lumentum.wd5.myworkdayjobs.com/LITE/job/Canada---Ottawa-Bill-Leathem/Software-Verification-Engineer--Co-op-Intern-_20261136
smartrecruiters:BoschGroup:744000145524340,Bosch,Paid Internship in AI Application Team (f/m),Not stated,True,,Internship,,Data & ML/AI,"Warszawa, Województwo mazowieckie, International (PL) (Hybrid)",IEC countries,unknown,188,,Python; JavaScript; SQL; LLMs; React; HTML/CSS; Azure; Git,2026-08-25T14:03:38.309Z,exact,2026-09-22T01:54:52Z,https://jobs.smartrecruiters.com/BoschGroup/744000145524340
ashby:phlair:8021960b-1e19-406b-99c2-bac26fbe2c86,Phlair,Working Student / Intern – Control Team (Systems & Data Infrastructure) (f/m/d),Not stated,True,,Internship,,Data & ML/AI,München,IEC countries,unknown,,,Python; PostgreSQL,2026-08-24T06:51:38.613+00:00,exact,2026-09-22T01:54:52Z,https://jobs.ashbyhq.com/phlair/8021960b-1e19-406b-99c2-bac26fbe2c86
oracle:eofe.fa.us2.oraclecloud.com:81318,BNY,2027 BNY Internship Program -Engineering (Developer) (Manchester),Summer 2027,False,,Internship,,Software,"Greater Manchester, United Kingdom",IEC countries,unknown,,,Python; Java; JavaScript; HTML/CSS,2026-08-24,date_only,2026-09-22T01:54:52Z,https://eofe.fa.us2.oraclecloud.com/hcmUI/CandidateExperience/en/sites/CX_1001/job/81318
oracle:eofe.fa.us2.oraclecloud.com:81322,BNY,2027 BNY Internship Program -Engineering (Data Science) (Manchester),Summer 2027,False,,Internship,,Data & ML/AI,"Greater Manchester, United Kingdom",IEC countries,unknown,,,Python; Java; JavaScript; HTML/CSS,2026-08-24,date_only,2026-09-22T01:54:52Z,https://eofe.fa.us2.oraclecloud.com/hcmUI/CandidateExperience/en/sites/CX_1001/job/81322
smartrecruiters:WesternDigital:744000145156358,Western Digital,Intern - AI Information Technology (Studying Master's and Bachelor Degree),Not stated,True,,Internship,,Data & ML/AI,"BangPa-in, PHRA NAKHON SI AYUTTHAYA, International (TH)",IEC countries,unknown,,,Python; Java; C++; C#; JavaScript; TensorFlow; React; HTML/CSS,2026-08-24T03:27:59.167Z,exact,2026-09-22T01:54:52Z,https://jobs.smartrecruiters.com/WesternDigital/744000145156358
workday:nvidia:/job/Taiwan-Taipei/System-Software-Engineer---GPU-and-SOC--2027-RDSS-Intern-_JR2023628,NVIDIA,System Software Engineer – GPU and SOC (2027 RDSS Intern),Summer 2027,False,,Internship,,Software,"Taiwan, Taipei",IEC countries,unknown,1526,,C++; Linux,2026-08-19T00:00:00Z,date_only,2026-09-22T01:54:52Z,https://nvidia.wd5.myworkdayjobs.com/NVIDIAExternalCareerSite/job/Taiwan-Taipei/System-Software-Engineer---GPU-and-SOC--2027-RDSS-Intern-_JR2023628
greenhouse:xantium:4360768009,Xantium,Quantitative Developer Intern,Summer 2027,False,,Internship,,Quant,"London, England, New York, New York",IEC countries,unknown,,,Python; C++,2026-08-17T16:10:20-04:00,exact,2026-08-18T10:02:09Z,https://job-boards.greenhouse.io/xantium/jobs/4360768009
greenhouse:xantium:4371217009,Xantium,Quantitative Researcher Intern,Summer 2027,False,,Internship,,Quant,"London, England, New York, New York",IEC countries,unknown,,,,2026-08-17T16:10:51-04:00,exact,2026-08-18T10:02:09Z,https://job-boards.greenhouse.io/xantium/jobs/4371217009
greenhouse:dvtrading:4719125005,DV Trading,Software Engineer Intern - Summer 2027 (DV Commodities),Summer 2027,False,,Internship,,Software,London,IEC countries,unknown,,,Python; C++,2026-08-10T18:43:54-04:00,exact,2026-09-22T01:54:52Z,https://job-boards.greenhouse.io/dvtrading/jobs/4719125005
greenhouse:mavensecuritiesholdingltd:8043552,Maven Securities,Quant Trader Internship 2027 (6 months),Summer 2027,False,,Internship,,Quant,London,IEC countries,offers,,,Python; C++; C#,2026-07-31T10:31:24-04:00,exact,2026-09-22T01:54:52Z,https://job-boards.greenhouse.io/mavensecuritiesholdingltd/jobs/8043552
greenhouse:ctccampusboard:4709545005,Chicago Trading Company,Quant Trading Internship - Summer 2027,Summer 2027,False,,Internship,,Quant,"London, England, United Kingdom",IEC countries,unknown,,,Python,2026-07-21T13:33:43-04:00,exact,2026-09-22T01:54:52Z,https://job-boards.greenhouse.io/ctccampusboard/jobs/4709545005
greenhouse:virtu:8551566002,Virtu Financial,2027 Internship - Software Engineer,Summer 2027,False,,Internship,,Software,"Dublin, Ireland",IEC countries,unknown,,,,2026-07-20T07:39:13-04:00,exact,2026-09-22T01:54:52Z,https://job-boards.greenhouse.io/virtu/jobs/8551566002
ashby:georgian:2ae71a4b-dd9d-4068-8ef2-81351ee74cab,Georgian Partners Growth,AI/ML Engineer Intern (2027),Summer 2027,False,,Internship,,Data & ML/AI,Toronto Headquarters,Canada,unknown,,,Python; PyTorch; TensorFlow; scikit-learn; LLMs; AWS; GCP; Azure,2026-07-14T19:37:42.124+00:00,exact,2026-09-03T21:02:28Z,https://jobs.ashbyhq.com/georgian/2ae71a4b-dd9d-4068-8ef2-81351ee74cab
greenhouse:wehrtyou:7964062,Hudson River Trading,Algorithm Development (Quant Research & Trading) Internship – Summer 2027,Summer 2027,False,,Internship,,Quant,"London, United Kingdom; New York, NY, United States; Singapore",IEC countries,unknown,29,,Python; C++; MATLAB; Pandas,2026-07-13T11:39:48-04:00,exact,2026-08-07T00:49:01Z,https://www.hudsonrivertrading.com/careers/job/?gh_jid=7964062
greenhouse:wehrtyou:8052083,Hudson River Trading,Software Engineering Internship (C++ or Python) – Summer 2027,Summer 2027,False,,Internship,,Software,"Austin, TX, United States; Chicago, Illinois, United States; London, United Kingdom; New York, NY, United States; Singapore",IEC countries,unknown,29,,Python; C++,2026-07-13T11:35:06-04:00,exact,2026-07-13T18:00:59Z,https://www.hudsonrivertrading.com/careers/job/?gh_jid=8052083
greenhouse:imc:4907430101,IMC Trading,Machine Learning Research Intern - Summer 2027 - Sydney,Summer 2027,False,,Internship,,Data & ML/AI,"Sydney,  Australia",IEC countries,unknown,13,,Python; PyTorch; TensorFlow,2026-07-01T13:18:38-04:00,exact,2026-07-01T20:55:33Z,https://job-boards.eu.greenhouse.io/imc/jobs/4956547101
greenhouse:virtu:8547254002,Virtu Financial,2027 Internship - Quantitative Trading,Summer 2027,False,,Internship,,Quant,"Dublin, Ireland",IEC countries,unknown,,,Python; Java; C++; SQL,2026-07-01T05:34:02-04:00,exact,2026-09-22T01:54:52Z,https://job-boards.greenhouse.io/virtu/jobs/8547254002
amazon:amazon:10459543,Amazon,"2027 Applied Science Intern (Computer Vision), Amazon International Machine Learning",Summer 2027,False,,Internship,,Data & ML/AI,"Melbourne, International",IEC countries,unknown,23139,,Computer Vision; Python,2026-06-26T00:00:00Z,date_only,2026-06-30T19:49:56Z,https://www.amazon.jobs/en/jobs/10459543/2027-applied-science-intern-computer-vision-amazon-international-machine-learning
amazon:amazon:10456239,Amazon,"2027 Applied Science Intern (Machine Learning, Recommender Systems), Amazon International Machine Learning",Summer 2027,False,,Internship,,Data & ML/AI,"Melbourne, International",IEC countries,unknown,23139,,Python; LLMs; Computer Vision,2026-06-23T00:00:00Z,date_only,2026-06-30T19:49:56Z,https://www.amazon.jobs/en/jobs/10456239/2027-applied-science-intern-machine-learning-recommender-systems-amazon-international-machine-learning
amazon:amazon:10418355,Amazon,2027 Software Dev Engineer Intern,Summer 2027,False,,Internship,,Software,"Dublin, International",IEC countries,unknown,23139,,Python; Java; C++; AWS,2026-05-13T00:00:00Z,date_only,2026-06-30T19:49:56Z,https://www.amazon.jobs/en/jobs/10418355/2027-software-dev-engineer-intern
greenhouse:squarepointcapital:7905463,Squarepoint Capital,Intern Software Developer - Montreal - 2027,Summer 2027,False,,Internship,,Software,Montreal,Canada,unknown,,,Python; Java; C++; Rust; Linux,2026-05-07T16:37:33-04:00,exact,2026-09-03T21:02:28Z,https://www.squarepoint-capital.com/open-opportunities?id=7905463&gh_jid=7905463
greenhouse:aquaticcapitalmanagement:8489186002,Aquatic Capital Management,"Quantitative Researcher, Intern (Summer 2027)",Summer 2027,False,,Internship,,Quant,Chicago; London,IEC countries,unknown,,,Python,2026-04-01T14:58:56-04:00,exact,2026-09-22T01:54:52Z,https://job-boards.greenhouse.io/aquaticcapitalmanagement/jobs/8489186002
greenhouse:databricks:6866531002,Databricks,Software Engineering Intern (2027 Start) - Berlin,Summer 2027,False,,Internship,,Software,"Berlin, Germany",IEC countries,unknown,308,,Python; Java; C++; Databricks,2023-09-01T07:37:39-04:00,exact,2026-10-02T18:20:52Z,https://databricks.com/company/careers/open-positions/job?gh_jid=6866531002
